date,open,high,low,close,volume,is_trading_day
2014-03-04,29.71,29.71,29.71,29.71,500,1
2014-03-05,29.71,29.71,29.71,29.71,300,1
2014-03-11,29.71,29.71,29.71,29.71,200,1
2014-04-04,29.71,29.71,29.71,29.71,1800,1
2014-04-07,29.71,29.71,29.71,29.71,500,1
2014-09-22,32.09,32.09,29.12,29.12,3000,1
2014-09-25,33.84,33.84,33.84,33.84,500,1
2014-09-26,34.02,34.02,34.02,34.02,100,1
2014-09-29,37.39,37.39,37.39,34.02,100,1
2014-09-30,41.12,41.12,41.12,41.12,100,1
2014-10-01,45.2,45.2,45.2,45.2,200,1
2014-10-02,49.69,49.69,49.69,49.69,500,1
2014-10-03,54.64,54.64,54.64,54.64,300,1
2014-10-06,59.99,60.05,59.99,60.05,400,1
2014-10-07,66.05,66.05,66.05,66.05,600,1
2014-10-08,72.63,72.63,72.63,72.63,600,1
2014-10-09,79.86,79.86,79.86,79.86,100,1
2014-10-10,87.84,87.84,87.84,87.84,400,1
2014-10-14,96.57,96.57,96.57,96.57,100,1
2014-10-15,106.19,106.19,106.19,106.19,100,1
2014-10-16,116.79,116.79,116.79,116.79,100,1
2014-10-17,128.14,128.44,128.14,128.44,600,1
2014-10-20,141.19,141.19,141.19,141.19,100,1
2014-10-24,141.19,141.19,141.19,141.19,1,1
2014-10-31,141.19,141.19,141.19,141.19,1,1
2014-11-03,127.1,140.38,127.1,140.38,400,1
2014-11-04,130.42,130.42,130.42,130.42,200,1
2014-11-05,117.66,117.66,117.66,117.66,100,1
2014-11-06,105.89,105.89,105.89,105.89,100,1
2014-11-12,95.35,95.35,95.35,95.35,100,1
2014-11-13,85.86,85.86,85.86,85.86,100,1
2014-11-14,77.29,77.29,77.29,77.29,100,1
2014-11-17,69.9,69.9,69.9,69.9,100,1
2014-11-18,62.91,62.91,62.91,62.91,200,1
2014-11-19,56.62,56.62,56.62,56.62,100,1
2014-11-25,50.97,50.97,50.97,50.97,100,1
2014-11-26,45.9,45.9,45.9,45.9,300,1
2014-12-04,41.36,41.36,41.36,41.36,100,1
2014-12-05,37.28,37.28,37.28,37.28,100,1
2014-12-08,33.55,33.55,33.55,33.55,100,1
2014-12-09,30.35,30.35,30.35,30.35,100,1
2014-12-10,30.06,30.06,30.06,30.06,100,1
2015-02-06,23.88,23.88,23.88,23.88,100,1
2015-03-06,22.13,22.13,22.13,22.13,100,1
2015-03-23,24.35,24.35,24.35,24.35,100,1
2015-03-25,22.13,22.13,22.13,22.13,100,1
2015-06-10,30.99,30.99,30.99,30.99,100,1
2015-06-11,27.96,27.96,27.96,27.96,100,1
2015-06-12,27.38,27.38,27.38,27.38,100,1
2015-06-15,26.79,26.79,26.79,26.79,100,1
2015-06-16,26.5,26.5,26.5,26.5,100,1
2015-06-17,26.21,26.21,26.21,26.21,100,1
2015-06-19,25.1,25.1,25.1,25.1,100,1
2015-06-26,22.6,22.6,22.6,22.6,100,1
2015-10-14,25.63,25.63,25.63,25.63,100,1
2015-10-15,29.12,29.12,29.12,29.12,100,1
2015-10-16,28.54,29.12,28.54,29.12,200,1
2015-10-19,29.12,29.12,29.12,29.12,100,1
2015-10-20,29.12,29.12,29.12,29.12,100,1
2015-10-21,28.54,29.12,28.54,29.12,200,1
2015-10-22,29.71,29.71,29.12,29.12,200,1
2015-10-23,29.12,29.12,29.12,29.12,100,1
2015-11-27,27.38,27.38,27.38,27.38,100,1
2015-11-30,24.46,24.46,24.46,24.46,100,1
2015-12-01,23.3,23.3,23.3,23.3,100,1
2015-12-04,22.13,22.13,22.13,22.13,100,1
2015-12-07,20.97,20.97,20.97,20.97,100,1
2015-12-08,18.64,18.64,18.64,18.64,100,1
2015-12-10,17.47,18.64,17.47,18.64,300,1
2015-12-11,18.06,18.06,18.06,18.06,500,1
2015-12-14,18.64,18.64,18.64,18.64,300,1
2015-12-15,18.64,18.64,18.64,18.64,100,1
2016-02-29,23.3,23.3,23.3,23.3,300,1
2016-03-01,24.46,24.46,24.46,24.46,400,1
2016-03-02,26.21,27.38,26.21,26.79,500,1
2016-03-03,29.71,30.81,28.54,30.81,1300,1
2016-03-07,29.53,29.53,29.53,29.53,400,1
2016-03-08,29.71,30.87,29.53,30.87,900,1
2016-03-09,30.29,34.25,30.29,34.25,600,1
2016-03-10,32.62,32.62,32.62,32.62,400,1
2016-03-14,32.04,32.04,32.04,32.04,100,1
2016-03-15,36.81,36.81,36.81,36.81,100,1
2016-03-18,36.11,36.11,36.11,36.11,100,1
2016-03-21,34.95,34.95,34.95,34.95,200,1
2016-03-22,33.78,33.78,33.78,33.78,300,1
2016-03-23,32.04,32.04,32.04,32.04,100,1
2016-03-24,31.45,31.45,31.45,31.45,100,1
2016-03-28,30.29,30.29,30.29,30.29,100,1
2016-03-29,28.54,28.54,28.54,28.54,200,1
2016-03-30,26.21,26.21,26.21,26.21,300,1
2016-04-01,22.72,22.72,22.31,22.31,600,1
2016-04-04,19.11,19.11,19.11,19.11,100,1
2016-04-08,19.11,19.11,19.11,19.11,1000,1
2016-04-26,17.47,17.47,17.47,17.47,200,1
2016-04-29,17.47,17.47,17.47,17.47,1500,1
2018-05-17,64.36,64.36,64.36,64.36,18000,1
2018-05-22,68.85,68.85,68.85,68.85,20,1
2018-05-23,66.69,66.69,64.07,64.25,4839580,1
2018-05-24,64.54,66.87,64.13,66.69,1937240,1
2018-05-25,66.87,69.84,66.69,68.44,1749720,1
2018-05-28,64.65,68.73,64.65,68.15,2944740,1
2018-05-29,68.15,68.27,65.88,67.57,884320,1
2018-05-30,67.57,68.15,65.82,68.15,2448260,1
2018-05-31,68.15,68.44,67.04,67.04,1178690,1
2018-06-01,67.04,68.44,66.69,67.86,814870,1
2018-06-04,67.57,68.67,67.28,68.67,1762630,1
2018-06-05,68.67,69.31,68.15,68.73,1229890,1
2018-06-06,68.44,70.42,68.15,69.9,712230,1
2018-06-07,71.06,71.06,65.0,69.9,1167210,1
2018-06-08,69.9,70.42,68.44,69.9,462940,1
2018-06-11,70.36,70.36,69.31,69.9,425790,1
2018-06-12,69.9,69.9,68.15,68.73,816310,1
2018-06-13,68.73,68.96,68.5,68.73,289590,1
2018-06-14,68.73,69.02,67.74,68.15,624230,1
2018-06-15,68.56,68.56,67.86,67.86,213150,1
2018-06-18,67.86,68.73,67.57,67.86,626280,1
2018-06-19,67.86,67.86,66.81,66.98,770730,1
2018-06-20,62.38,67.57,62.38,66.98,613980,1
2018-06-21,66.98,67.04,66.4,66.98,117280,1
2018-06-22,66.98,66.98,66.4,66.52,83230,1
2018-06-25,66.52,67.51,66.52,67.28,214260,1
2018-06-26,67.28,67.28,66.46,66.98,112440,1
2018-06-27,65.53,66.46,64.07,64.07,305740,1
2018-06-28,64.07,65.82,62.91,64.07,185920,1
2018-06-29,65.82,65.82,63.2,65.47,321730,1
2018-07-02,65.53,65.53,64.07,64.83,456190,1
2018-07-03,64.83,64.83,60.34,60.34,165430,1
2018-07-04,59.47,64.54,59.47,64.54,1358170,1
2018-07-05,64.54,66.98,64.54,66.4,1208630,1
2018-07-06,64.95,66.34,64.95,65.53,497040,1
2018-07-09,65.53,66.05,65.53,65.7,134390,1
2018-07-10,65.64,65.7,63.2,64.65,298180,1
2018-07-11,64.07,64.65,62.91,63.9,86370,1
2018-07-12,63.9,64.54,62.91,64.07,113470,1
2018-07-13,62.5,64.65,62.5,63.66,57420,1
2018-07-16,64.36,64.36,61.74,61.74,93750,1
2018-07-17,63.49,64.65,61.74,61.74,410540,1
2018-07-18,64.07,64.07,62.32,62.56,115930,1
2018-07-19,62.91,62.91,62.03,62.03,359780,1
2018-07-20,62.32,62.91,61.8,62.27,361710,1
2018-07-23,59.99,63.78,59.99,62.79,140470,1
2018-07-24,59.99,62.73,59.99,62.03,52950,1
2018-07-25,62.32,62.32,61.39,62.03,123900,1
2018-07-26,62.03,62.79,61.74,61.74,205970,1
2018-07-27,61.74,62.03,61.16,61.68,67370,1
2018-07-30,61.74,64.36,61.16,64.36,324540,1
2018-07-31,65.24,65.24,63.37,64.25,170450,1
2018-08-01,64.25,64.31,63.2,63.26,320670,1
2018-08-02,64.01,64.01,63.26,63.37,265210,1
2018-08-03,63.61,63.9,63.2,63.49,398200,1
2018-08-06,63.49,63.55,63.37,63.49,182880,1
2018-08-07,63.49,63.49,62.32,62.62,160500,1
2018-08-08,62.62,63.37,62.62,62.91,134310,1
2018-08-09,62.91,63.49,62.91,63.31,285670,1
2018-08-10,63.49,63.49,61.74,62.27,120470,1
2018-08-13,63.14,63.14,62.27,62.62,1088420,1
2018-08-14,62.32,62.91,62.32,62.79,406610,1
2018-08-15,62.79,62.85,62.38,62.79,436300,1
2018-08-16,62.79,62.85,62.38,62.79,726220,1
2018-08-17,66.4,66.4,63.37,63.37,1125570,1
2018-08-20,64.89,64.89,63.37,63.37,575880,1
2018-08-21,63.37,64.36,63.37,64.01,741280,1
2018-08-22,64.01,64.54,63.84,64.01,415780,1
2018-08-23,64.07,65.3,64.07,65.18,1371780,1
2018-08-24,65.35,65.76,64.71,64.95,1340480,1
2018-08-27,65.18,65.18,64.83,64.95,913670,1
2018-08-28,64.95,64.95,64.36,64.65,817180,1
2018-08-29,64.65,64.65,63.08,63.08,303590,1
2018-08-30,62.91,62.91,62.03,62.56,409540,1
2018-08-31,62.56,64.77,60.58,60.58,3027640,1
2018-09-04,62.27,62.73,60.69,61.1,225530,1
2018-09-05,61.63,61.74,61.22,61.74,318560,1
2018-09-06,61.74,61.74,60.93,61.16,287240,1
2018-09-07,60.58,61.16,60.58,61.04,459090,1
2018-09-10,61.45,61.45,60.93,60.93,532950,1
2018-09-11,60.58,61.16,60.4,60.4,483770,1
2018-09-12,61.04,61.04,60.46,60.58,605640,1
2018-09-13,60.58,61.51,60.58,61.22,836910,1
2018-09-14,61.63,61.74,61.33,61.45,591790,1
2018-09-17,61.45,62.15,61.39,61.45,1287240,1
2018-09-18,61.45,61.45,60.58,60.93,207550,1
2018-09-19,61.39,61.39,59.99,60.93,258160,1
2018-09-20,61.16,61.16,60.52,61.16,336900,1
2018-09-21,60.93,61.22,59.12,59.12,8102520,1
2018-09-24,59.12,59.99,59.12,59.94,634680,1
2018-09-25,59.99,60.23,59.18,59.65,472130,1
2018-09-26,59.41,59.7,59.35,59.35,473580,1
2018-09-27,59.99,60.87,59.99,60.58,525990,1
2018-09-28,61.45,61.74,60.93,61.74,846730,1
2018-10-01,62.03,62.38,60.05,60.05,523580,1
2018-10-02,60.75,61.16,60.46,60.58,534540,1
2018-10-03,61.1,61.1,59.35,59.41,467970,1
2018-10-04,60.58,60.58,59.76,59.76,331810,1
2018-10-05,60.58,60.58,59.47,59.47,304710,1
2018-10-08,60.07,60.43,58.25,58.25,265800,1
2018-10-09,59.12,59.85,58.25,58.25,267080,1
2018-10-10,59.34,59.34,58.25,58.32,378520,1
2018-10-11,56.06,58.39,54.68,55.7,736740,1
2018-10-12,55.7,57.52,55.34,56.06,666960,1
2018-10-15,56.06,56.06,53.15,53.22,505140,1
2018-10-16,53.22,54.68,53.22,54.32,349810,1
2018-10-17,55.55,56.06,54.61,55.63,300010,1
2018-10-18,55.63,55.92,54.97,55.04,146220,1
2018-10-19,54.32,55.41,53.88,54.46,282610,1
2018-10-22,54.46,54.97,54.39,54.39,252630,1
2018-10-23,53.73,54.24,53.44,53.95,136760,1
2018-10-24,53.51,54.02,52.79,52.79,233830,1
2018-10-25,49.87,51.11,49.51,49.87,479440,1
2018-10-26,49.87,50.24,46.45,47.33,1004220,1
2018-10-29,45.51,46.31,44.41,45.0,338080,1
2018-10-30,43.76,45.87,43.69,45.21,574230,1
2018-10-31,45.36,48.35,45.36,48.35,1099060,1
2018-11-01,47.4,50.97,47.4,50.24,871070,1
2018-11-02,50.97,53.73,50.97,52.42,1170010,1
2018-11-05,53.15,53.73,51.69,52.42,758430,1
2018-11-06,53.15,53.15,51.69,52.42,379000,1
2018-11-07,52.71,52.93,51.55,52.93,298710,1
2018-11-08,53.44,54.39,53.15,54.39,481780,1
2018-11-09,54.24,55.77,53.88,55.34,520370,1
2018-11-12,54.9,55.48,54.68,55.34,274460,1
2018-11-13,53.22,55.34,53.22,55.19,271790,1
2018-11-14,55.19,55.34,54.61,55.19,284050,1
2018-11-15,54.46,55.19,54.24,54.97,301910,1
2018-11-16,54.24,54.53,51.33,51.84,788790,1
2018-11-19,52.06,53.08,50.89,53.08,323690,1
2018-11-20,52.5,54.97,52.5,54.61,500750,1
2018-11-21,54.61,55.19,53.3,55.19,451550,1
2018-11-22,54.97,56.79,54.61,56.06,504210,1
2018-11-23,56.06,56.65,55.41,55.41,89640,1
2018-11-26,55.34,56.28,54.97,56.06,301550,1
2018-11-27,56.43,57.23,56.35,57.01,399420,1
2018-11-28,56.79,57.08,56.43,57.01,170200,1
2018-11-29,57.16,57.45,57.08,57.3,473940,1
2018-11-30,57.3,57.45,55.34,56.65,593960,1
2018-12-03,57.16,57.3,56.57,56.57,194530,1
2018-12-04,56.79,60.43,56.79,59.7,700280,1
2018-12-05,58.25,60.07,58.25,58.76,384670,1
2018-12-06,58.98,59.63,58.61,59.27,256140,1
2018-12-07,59.27,59.27,58.25,58.25,250620,1
2018-12-10,58.1,58.25,57.52,58.25,345240,1
2018-12-11,59.27,59.27,58.17,58.47,141650,1
2018-12-12,58.47,58.54,58.03,58.47,204900,1
2018-12-13,58.32,59.19,58.32,58.47,162470,1
2018-12-14,58.47,58.47,57.88,58.1,97030,1
2018-12-17,58.1,58.17,55.7,56.43,461140,1
2018-12-18,55.34,56.79,54.97,56.43,323660,1
2018-12-19,56.79,56.79,55.84,56.43,217620,1
2018-12-20,55.92,56.5,55.92,56.35,184090,1
2018-12-21,55.92,55.92,53.81,53.81,1469270,1
2018-12-24,54.61,55.34,54.1,54.17,172180,1
2018-12-25,53.15,53.88,52.64,53.51,232270,1
2018-12-26,53.22,53.51,51.99,52.42,547940,1
2018-12-27,53.81,53.81,53.08,53.37,304690,1
2018-12-28,53.73,54.24,53.44,53.44,399190,1
2019-01-02,53.66,53.66,52.93,53.51,334420,1
2019-01-03,52.5,53.3,52.06,53.3,475210,1
2019-01-04,52.42,54.24,51.62,53.88,277640,1
2019-01-07,54.32,54.32,53.37,54.02,186030,1
2019-01-08,53.88,54.02,53.22,54.02,205460,1
2019-01-09,54.24,54.24,53.88,54.02,92720,1
2019-01-10,54.24,54.32,53.51,54.32,108550,1
2019-01-11,54.53,55.77,54.39,55.77,241490,1
2019-01-14,56.79,56.79,55.77,56.28,193920,1
2019-01-15,56.06,58.17,56.06,58.17,297510,1
2019-01-16,58.17,59.7,57.59,58.47,327390,1
2019-01-17,58.9,59.12,58.1,58.1,214330,1
2019-01-18,58.54,59.05,57.52,58.61,289350,1
2019-01-21,58.98,58.98,58.25,58.61,411510,1
2019-01-22,58.68,58.98,57.96,57.96,285720,1
2019-01-23,58.17,58.25,57.52,57.96,214610,1
2019-01-24,57.96,57.96,56.79,57.37,176750,1
2019-01-25,57.16,57.3,56.43,56.79,226260,1
2019-01-28,58.25,58.68,56.65,58.68,284550,1
2019-01-29,59.34,59.34,58.61,59.34,334250,1
2019-01-30,58.54,59.7,58.54,59.7,246940,1
2019-01-31,59.7,59.7,57.96,58.25,773010,1
2019-02-01,58.25,58.25,57.96,58.25,974540,1
2019-02-11,58.98,58.98,57.96,58.17,353110,1
2019-02-12,58.54,58.54,57.88,58.25,531210,1
2019-02-13,58.32,58.83,57.74,58.25,506510,1
2019-02-14,58.54,60.14,58.32,59.63,971710,1
2019-02-15,59.7,59.7,59.05,59.12,422250,1
2019-02-18,59.34,59.7,58.83,59.7,607000,1
2019-02-19,60.07,63.85,60.07,63.34,1244300,1
2019-02-20,63.34,66.11,63.34,65.82,815580,1
2019-02-21,65.89,70.41,64.95,70.41,1209870,1
2019-02-22,69.17,70.26,67.49,67.79,950950,1
2019-02-25,68.8,69.24,66.47,66.98,838040,1
2019-02-26,66.98,67.71,65.53,66.98,1103360,1
2019-02-27,67.71,67.93,66.62,67.49,896260,1
2019-02-28,67.06,67.2,63.71,63.71,1270190,1
2019-03-01,64.44,66.55,63.71,66.26,806340,1
2019-03-04,66.98,68.08,65.24,67.86,910620,1
2019-03-05,67.13,67.64,65.89,66.26,1152650,1
2019-03-06,66.26,66.91,66.11,66.84,592410,1
2019-03-07,66.98,69.39,66.91,66.98,1306970,1
2019-03-08,66.98,67.64,66.55,66.62,699850,1
2019-03-11,66.26,67.2,65.53,65.53,533740,1
2019-03-12,66.4,67.42,66.18,67.2,864570,1
2019-03-13,67.42,69.9,67.35,68.44,1654850,1
2019-03-14,68.66,68.88,67.57,68.8,682890,1
2019-03-15,68.44,68.44,67.35,67.93,2496760,1
2019-03-18,68.44,69.1,68.44,68.66,1056390,1
2019-03-19,69.17,69.31,68.08,68.44,1100900,1
2019-03-20,67.79,68.0,66.26,67.13,1061950,1
2019-03-21,67.71,67.71,64.22,64.22,1009930,1
2019-03-22,64.8,66.4,64.07,66.33,957080,1
2019-03-25,65.16,65.16,63.71,64.8,793070,1
2019-03-26,65.53,66.04,65.16,65.46,617980,1
2019-03-27,66.26,66.26,65.46,65.6,389620,1
2019-03-28,65.75,67.93,65.53,67.79,894540,1
2019-03-29,68.44,68.66,66.62,66.62,1054060,1
2019-04-01,67.28,68.3,66.84,67.28,334480,1
2019-04-02,68.0,68.22,66.98,67.13,359690,1
2019-04-03,67.13,67.13,66.33,66.98,281350,1
2019-04-04,67.49,67.57,66.47,66.98,489550,1
2019-04-05,67.35,67.86,67.06,67.42,454260,1
2019-04-08,67.71,68.88,67.49,68.88,657320,1
2019-04-09,69.17,69.9,67.71,68.3,973210,1
2019-04-10,68.3,68.3,67.2,67.35,328400,1
2019-04-11,67.57,68.3,67.13,68.08,233360,1
2019-04-12,68.0,68.15,66.98,67.93,299590,1
2019-04-16,65.53,66.91,63.93,66.26,913790,1
2019-04-17,66.26,66.91,65.31,65.38,761350,1
2019-04-18,65.46,65.89,64.14,64.8,609680,1
2019-04-19,64.8,65.82,64.8,64.8,258960,1
2019-04-22,65.31,65.53,64.51,65.53,211620,1
2019-04-23,65.31,65.53,64.73,64.8,494910,1
2019-04-24,65.31,65.67,65.31,65.31,629420,1
2019-04-25,65.16,65.67,65.09,65.67,680080,1
2019-04-26,65.67,66.98,65.46,66.98,1070350,1
2019-05-02,66.98,67.2,66.18,66.55,452510,1
2019-05-03,66.84,66.84,65.82,65.82,621150,1
2019-05-06,65.53,65.53,64.51,64.8,522550,1
2019-05-07,65.38,65.38,63.85,64.0,576290,1
2019-05-08,63.34,63.56,62.18,62.32,894240,1
2019-05-09,61.89,62.32,60.87,61.52,983320,1
2019-05-10,62.32,62.62,61.01,61.16,980260,1
2019-05-13,61.01,62.03,61.01,61.89,691670,1
2019-05-14,61.16,62.62,61.16,61.89,1322520,1
2019-05-15,62.03,62.98,62.03,62.62,1134300,1
2019-05-16,62.62,63.42,62.4,63.34,953330,1
2019-05-17,63.34,63.34,62.83,63.13,791790,1
2019-05-20,62.98,63.2,62.47,63.2,638340,1
2019-05-21,64.0,64.14,63.13,63.13,1056700,1
2019-05-22,62.76,64.0,62.76,62.98,702510,1
2019-05-23,63.05,63.05,62.69,62.98,377180,1
2019-05-24,63.13,63.13,61.52,61.52,854870,1
2019-05-27,61.52,61.82,61.45,61.45,487560,1
2019-05-28,61.45,61.6,60.8,60.8,1436600,1
2019-05-29,61.16,61.31,60.72,60.87,921510,1
2019-05-30,60.87,61.01,60.07,60.14,930290,1
2019-05-31,60.58,60.58,58.98,59.7,720930,1
2019-06-03,59.7,59.7,57.96,58.68,527220,1
2019-06-04,58.61,58.98,57.45,58.68,557890,1
2019-06-05,59.12,59.34,58.47,58.68,452630,1
2019-06-06,58.61,58.83,57.45,58.47,582690,1
2019-06-07,58.61,60.43,58.17,59.85,572380,1
2019-06-10,60.43,60.43,59.27,59.7,596360,1
2019-06-11,59.7,59.7,59.19,59.63,375370,1
2019-06-12,59.34,59.34,57.88,58.25,893930,1
2019-06-13,57.88,58.25,55.77,58.25,2022580,1
2019-06-14,57.37,58.17,57.23,58.17,482820,1
2019-06-17,58.17,58.17,56.5,56.79,458320,1
2019-06-18,56.65,56.79,55.55,56.79,1640620,1
2019-06-19,56.79,57.01,56.65,56.86,729570,1
2019-06-20,57.08,57.45,56.79,57.08,1561250,1
2019-06-21,57.16,57.74,57.16,57.16,3742200,1
2019-06-24,57.23,58.54,57.23,57.88,1452270,1
2019-06-25,58.1,58.32,57.88,57.88,866490,1
2019-06-26,57.74,57.96,57.3,57.52,1174210,1
2019-06-27,57.52,57.52,56.43,56.43,815110,1
2019-06-28,55.77,57.88,55.7,57.74,928700,1
2019-07-01,57.88,58.98,57.74,58.98,1090570,1
2019-07-02,58.98,59.12,58.25,59.05,1087630,1
2019-07-03,58.68,59.7,58.32,59.7,1517660,1
2019-07-04,59.7,61.89,59.63,61.89,2075630,1
2019-07-05,61.31,62.62,60.8,62.62,1234430,1
2019-07-08,61.89,62.03,60.43,60.43,666020,1
2019-07-09,60.43,61.01,60.07,60.5,579540,1
2019-07-10,60.5,61.01,60.5,60.72,321230,1
2019-07-11,60.94,61.09,60.5,60.5,392510,1
2019-07-12,60.5,60.94,59.99,60.5,626820,1
2019-07-15,60.43,60.43,59.19,59.7,713050,1
2019-07-16,59.7,61.16,59.7,61.09,833350,1
2019-07-17,61.09,62.25,61.09,61.16,816530,1
2019-07-18,60.43,61.16,60.43,61.16,513470,1
2019-07-19,61.16,62.11,60.72,61.52,1028110,1
2019-07-22,61.52,61.6,61.01,61.6,471720,1
2019-07-23,61.6,62.62,61.38,62.47,826210,1
2019-07-24,62.62,63.13,62.03,62.47,542990,1
2019-07-25,62.47,64.73,62.25,63.71,1379690,1
2019-07-26,63.71,64.0,63.05,63.71,473900,1
2019-07-29,63.71,64.07,63.2,63.93,423030,1
2019-07-30,65.09,65.09,61.16,61.16,987720,1
2019-07-31,61.89,64.95,61.89,64.22,991720,1
2019-08-01,64.8,66.11,64.07,65.89,913610,1
2019-08-02,64.51,65.67,64.14,65.67,627380,1
2019-08-05,64.8,65.53,62.03,62.03,902620,1
2019-08-06,61.52,61.67,60.36,60.8,960830,1
2019-08-07,61.89,62.11,60.65,61.16,724520,1
2019-08-08,61.9,63.0,60.94,62.26,556040,1
2019-08-09,62.63,62.63,61.6,61.9,352540,1
2019-08-12,61.45,62.12,61.38,62.04,229140,1
2019-08-13,61.9,61.9,60.5,61.09,723240,1
2019-08-14,61.53,62.19,61.16,61.16,487320,1
2019-08-15,60.42,61.9,59.69,61.9,368870,1
2019-08-16,61.6,62.78,61.53,61.53,589570,1
2019-08-19,61.9,62.12,61.53,62.04,341980,1
2019-08-20,62.04,63.96,62.04,63.89,642320,1
2019-08-21,63.81,64.84,63.66,64.33,548090,1
2019-08-22,64.48,64.77,63.96,64.77,380330,1
2019-08-23,64.84,64.84,64.11,64.11,582580,1
2019-08-26,62.63,63.52,62.63,63.3,375290,1
2019-08-27,63.3,64.77,63.3,63.81,871250,1
2019-08-28,63.37,64.48,63.37,63.96,297410,1
2019-08-29,63.96,64.11,62.85,63.96,344570,1
2019-08-30,63.96,64.84,63.96,64.7,436220,1
2019-09-03,64.7,64.77,64.25,64.55,243420,1
2019-09-04,64.62,65.73,64.25,65.58,862730,1
2019-09-05,65.58,66.02,65.29,65.58,429760,1
2019-09-06,65.58,65.58,64.84,65.43,243750,1
2019-09-09,65.43,65.43,64.77,65.14,336920,1
2019-09-10,65.14,65.21,64.33,64.84,317650,1
2019-09-11,64.48,64.7,63.22,63.59,549770,1
2019-09-12,64.4,64.4,63.59,64.03,289830,1
2019-09-13,64.4,64.84,63.44,64.84,361780,1
2019-09-16,64.18,65.51,64.18,65.21,563460,1
2019-09-17,65.21,66.69,65.14,66.54,921810,1
2019-09-18,66.54,66.69,66.24,66.61,437190,1
2019-09-19,66.61,66.61,65.06,66.54,506070,1
2019-09-20,66.61,66.61,65.95,66.02,1032290,1
2019-09-23,66.02,66.24,65.43,65.95,267270,1
2019-09-24,65.95,66.17,65.51,65.95,286560,1
2019-09-25,65.65,66.24,65.36,65.95,227170,1
2019-09-26,65.95,66.24,64.48,65.36,533860,1
2019-09-27,65.36,66.17,65.06,65.8,384950,1
2019-09-30,66.32,66.32,65.51,65.8,491120,1
2019-10-01,65.95,65.95,65.36,65.73,231930,1
2019-10-02,65.73,65.8,65.21,65.58,462090,1
2019-10-03,65.21,65.8,64.84,65.8,327140,1
2019-10-04,65.95,65.95,65.14,65.73,428530,1
2019-10-07,65.58,65.58,64.99,65.58,481420,1
2019-10-08,65.58,65.58,64.92,65.29,315010,1
2019-10-09,65.29,65.43,64.92,65.21,293220,1
2019-10-10,65.29,65.29,64.55,65.21,359140,1
2019-10-11,65.29,65.29,64.84,65.14,450000,1
2019-10-14,65.14,65.14,64.48,64.77,285650,1
2019-10-15,64.48,64.7,63.22,63.66,643130,1
2019-10-16,63.66,63.66,62.85,63.66,630230,1
2019-10-17,63.59,64.84,62.85,63.74,688380,1
2019-10-18,63.74,64.33,63.52,64.11,327740,1
2019-10-21,64.11,64.11,63.08,63.74,484630,1
2019-10-22,63.74,63.96,63.3,63.37,350630,1
2019-10-23,63.37,63.37,62.63,63.3,535550,1
2019-10-24,63.15,63.44,62.78,63.44,543560,1
2019-10-25,63.37,63.52,62.93,63.37,681140,1
2019-10-28,63.37,63.89,63.0,63.37,728480,1
2019-10-29,64.11,64.84,64.03,64.55,1014970,1
2019-10-30,64.84,65.65,64.62,65.43,737640,1
2019-10-31,65.43,66.17,65.36,65.58,1008560,1
2019-11-01,65.88,70.15,65.73,70.15,2594030,1
2019-11-04,70.52,71.84,69.78,70.74,1124510,1
2019-11-05,70.74,72.58,70.59,72.14,1836960,1
2019-11-06,71.77,74.42,71.77,73.24,1675310,1
2019-11-07,73.02,75.38,73.02,73.32,2081650,1
2019-11-08,73.32,73.61,72.21,72.58,1233370,1
2019-11-11,72.51,73.47,72.14,72.73,765160,1
2019-11-12,72.95,73.24,71.84,72.07,1380830,1
2019-11-13,72.07,72.36,71.18,71.55,1305680,1
2019-11-14,72.43,73.17,70.89,71.03,1480640,1
2019-11-15,71.62,71.77,70.89,70.96,1018490,1
2019-11-18,71.11,71.33,70.52,70.96,1168830,1
2019-11-19,71.11,72.51,70.67,71.11,2305620,1
2019-11-20,71.62,71.62,70.15,70.89,2010940,1
2019-11-21,70.89,71.03,70.08,70.22,3202820,1
2019-11-22,70.67,70.67,66.54,68.9,3791930,1
2019-11-25,68.16,69.19,67.57,68.68,2300820,1
2019-11-26,69.26,69.34,68.75,68.75,3284780,1
2019-11-27,68.9,68.9,68.38,68.53,2135110,1
2019-11-28,68.53,68.53,67.42,67.5,2598710,1
2019-11-29,67.5,67.79,66.91,67.72,2839310,1
2019-12-02,68.16,68.53,67.35,67.72,4407620,1
2019-12-03,67.2,68.01,65.95,67.64,3357960,1
2019-12-04,67.57,68.01,66.76,67.64,2450900,1
2019-12-05,68.38,68.9,67.64,67.79,3418400,1
2019-12-06,67.79,67.94,67.5,67.79,2525080,1
2019-12-09,67.79,68.53,67.42,67.79,625460,1
2019-12-10,68.01,68.01,64.84,67.42,1548550,1
2019-12-11,67.28,67.42,65.88,67.13,645660,1
2019-12-12,67.13,67.2,66.32,67.2,884980,1
2019-12-13,67.2,67.35,65.65,65.65,419210,1
2019-12-16,64.55,65.21,63.08,63.44,1437780,1
2019-12-17,63.44,64.11,62.34,63.0,859640,1
2019-12-18,62.41,63.0,61.16,61.82,1339840,1
2019-12-19,61.75,62.63,60.79,61.82,1047500,1
2019-12-20,61.9,63.08,61.9,62.04,1525190,1
2019-12-23,62.63,62.63,61.6,61.75,568720,1
2019-12-24,61.38,61.75,60.28,61.68,838840,1
2019-12-25,61.68,62.04,61.01,61.68,361820,1
2019-12-26,61.68,62.56,61.31,62.04,426570,1
2019-12-27,62.04,62.56,61.45,62.26,519680,1
2019-12-30,62.19,63.81,62.19,63.0,896520,1
2019-12-31,63.0,63.22,62.26,62.49,430660,1
2020-01-02,62.26,63.0,62.26,62.56,238600,1
2020-01-03,62.56,62.93,62.34,62.78,394470,1
2020-01-06,62.34,62.63,61.01,61.45,1025270,1
2020-01-07,61.16,62.49,61.16,61.75,590360,1
2020-01-08,61.16,61.53,59.69,60.79,553690,1
2020-01-09,61.45,61.68,61.09,61.38,421250,1
2020-01-10,61.38,62.56,60.94,62.26,699780,1
2020-01-13,62.49,63.96,62.26,63.59,882160,1
2020-01-14,63.52,63.96,63.44,63.59,361600,1
2020-01-15,63.74,63.74,63.22,63.59,420650,1
2020-01-16,63.66,63.66,63.3,63.44,441860,1
2020-01-17,63.52,64.77,63.37,63.37,552190,1
2020-01-20,63.37,63.66,63.15,63.37,711830,1
2020-01-21,63.37,64.48,63.37,64.48,653680,1
2020-01-22,64.4,65.95,64.33,65.88,673070,1
2020-01-30,64.25,64.7,63.22,64.4,1414000,1
2020-01-31,64.48,65.21,64.18,64.48,1284370,1
2020-02-03,61.31,63.3,60.42,62.78,755310,1
2020-02-04,62.78,63.74,62.63,63.15,829790,1
2020-02-05,63.96,63.96,62.93,63.37,2410370,1
2020-02-06,63.59,64.11,63.37,63.96,484420,1
2020-02-07,64.03,64.7,63.96,64.11,587610,1
2020-02-10,63.44,63.89,63.22,63.52,373600,1
2020-02-11,63.37,63.66,63.0,63.52,602090,1
2020-02-12,63.89,63.89,63.52,63.74,395320,1
2020-02-13,63.52,63.66,63.0,63.37,421050,1
2020-02-14,63.0,65.29,63.0,64.55,481520,1
2020-02-17,64.84,64.84,63.74,63.89,164600,1
2020-02-18,63.81,64.11,63.08,63.37,323870,1
2020-02-19,63.08,63.74,62.78,63.37,484850,1
2020-02-20,63.74,64.33,63.3,64.03,271380,1
2020-02-21,63.74,64.03,63.37,63.44,184170,1
2020-02-24,61.38,62.71,61.38,61.9,619380,1
2020-02-25,60.64,61.75,59.69,61.23,410300,1
2020-02-26,61.16,61.16,59.17,59.61,651880,1
2020-02-27,58.88,59.69,58.21,59.54,1280250,1
2020-02-28,57.84,59.24,57.84,59.24,860760,1
2020-03-02,58.29,59.39,58.21,59.32,447980,1
2020-03-03,59.32,59.76,59.1,59.32,742520,1
2020-03-04,58.29,59.32,58.14,59.32,901070,1
2020-03-05,59.02,60.05,59.02,59.69,361110,1
2020-03-06,58.95,59.61,58.21,59.61,339740,1
2020-03-09,57.92,57.92,55.49,55.49,973190,1
2020-03-10,52.32,56.37,52.32,56.37,1050110,1
2020-03-11,56.37,56.59,52.46,56.37,932900,1
2020-03-12,55.63,55.63,52.46,53.05,1161120,1
2020-03-13,49.37,53.05,49.37,53.05,1337180,1
2020-03-16,52.32,52.91,49.74,52.91,968810,1
2020-03-17,49.74,52.61,49.74,51.51,1095460,1
2020-03-18,51.36,51.8,49.74,51.21,1707750,1
2020-03-19,49.59,51.06,47.9,50.48,1482170,1
2020-03-20,50.48,50.48,47.01,47.01,1351550,1
2020-03-23,44.21,45.69,43.77,43.77,198200,1
2020-03-24,40.82,43.03,40.75,40.75,2036510,1
2020-03-25,42.0,43.55,39.79,43.55,1832290,1
2020-03-26,43.55,46.42,42.15,44.95,2020820,1
2020-03-27,44.21,45.24,43.11,44.21,710770,1
2020-03-30,41.12,42.0,41.12,41.12,929820,1
2020-03-31,41.12,42.66,38.32,40.53,661010,1
2020-04-01,39.2,42.22,39.2,40.38,553900,1
2020-04-03,41.41,42.52,40.67,42.52,940470,1
2020-04-06,44.21,45.46,43.18,45.46,534020,1
2020-04-07,48.26,48.63,45.76,48.63,902670,1
2020-04-08,47.53,51.58,47.16,51.58,950920,1
2020-04-09,51.58,52.24,50.7,50.84,854470,1
2020-04-10,50.48,50.99,49.37,49.44,513310,1
2020-04-13,50.11,51.21,49.44,49.59,449470,1
2020-04-14,50.11,50.77,49.0,50.11,642490,1
2020-04-15,50.4,50.84,49.74,49.96,533620,1
2020-04-16,49.81,50.25,49.22,49.74,670940,1
2020-04-17,49.74,50.99,49.74,50.48,734070,1
2020-04-20,51.14,51.14,50.11,50.48,512370,1
2020-04-21,50.11,50.33,48.71,50.11,1213590,1
2020-04-22,48.04,50.11,48.04,48.19,1303590,1
2020-04-23,49.37,49.66,48.34,49.07,1093030,1
2020-04-24,49.07,49.22,47.38,47.9,2147870,1
2020-04-27,48.26,49.3,47.16,47.53,1235530,1
2020-04-28,49.37,50.48,47.53,47.6,3631100,1
2020-04-29,47.6,47.9,46.64,46.86,2701200,1
2020-05-04,46.86,47.82,46.86,47.82,1577040,1
2020-05-05,47.67,48.26,46.72,46.86,2397120,1
2020-05-06,46.86,49.74,46.72,49.37,4286630,1
2020-05-07,49.74,50.11,48.78,49.81,1474450,1
2020-05-08,50.11,53.28,49.96,52.24,3635800,1
2020-05-11,52.32,54.45,52.17,54.16,2792640,1
2020-05-12,54.01,54.45,53.05,54.16,1769100,1
2020-05-13,53.5,53.79,52.24,52.61,3373310,1
2020-05-14,52.24,52.61,51.88,52.02,2268270,1
2020-05-15,52.32,53.05,51.95,52.76,1556450,1
2020-05-18,52.54,53.5,52.24,52.98,1656080,1
2020-05-19,53.79,55.04,53.28,53.94,3688710,1
2020-05-20,53.72,56.81,53.64,56.81,4298310,1
2020-05-21,57.11,57.84,56.59,57.48,2266430,1
2020-05-22,56.74,57.03,55.71,56.37,2154460,1
2020-05-25,56.3,57.84,55.12,56.59,4664450,1
2020-05-26,57.11,57.4,56.3,56.3,2996560,1
2020-05-27,56.37,57.18,54.97,55.04,3769070,1
2020-05-28,55.19,56.0,54.82,55.26,4347270,1
2020-05-29,55.71,56.81,55.63,56.44,3942120,1
2020-06-01,57.03,58.58,56.96,58.29,3254070,1
2020-06-02,58.29,58.36,57.25,57.33,2635920,1
2020-06-03,57.48,57.7,57.03,57.4,2655470,1
2020-06-04,57.48,57.99,56.74,57.11,3127800,1
2020-06-05,56.81,57.4,56.44,56.96,2191420,1
2020-06-08,57.48,57.99,57.11,57.33,2663380,1
2020-06-09,57.48,57.99,57.03,57.18,2837400,1
2020-06-10,57.18,57.33,56.66,57.11,3218980,1
2020-06-11,57.11,57.92,56.37,56.37,5714800,1
2020-06-12,54.16,55.71,54.16,55.26,3152190,1
2020-06-15,55.71,55.78,51.58,51.58,3356780,1
2020-06-16,53.64,55.19,53.13,55.19,3077090,1
2020-06-17,56.22,57.18,55.26,56.0,2173040,1
2020-06-18,55.71,56.52,55.56,56.37,1636400,1
2020-06-19,56.08,56.89,56.08,56.37,1688070,1
2020-06-22,57.7,57.77,56.66,57.7,2797780,1
2020-06-23,57.99,57.99,56.08,57.25,2146280,1
2020-06-24,57.18,57.92,55.63,55.78,2004540,1
2020-06-25,55.12,55.93,54.75,55.63,1241690,1
2020-06-26,56.0,56.44,55.26,55.71,753970,1
2020-06-29,55.26,55.26,53.94,54.53,1068990,1
2020-06-30,55.26,56.74,54.75,55.63,2302620,1
2020-07-01,55.49,56.74,55.49,56.66,936450,1
2020-07-02,56.74,57.03,56.3,56.66,893400,1
2020-07-03,56.74,57.33,56.66,57.33,1382270,1
2020-07-06,57.7,60.05,57.03,59.54,4330280,1
2020-07-07,59.69,60.35,59.32,59.54,1414070,1
2020-07-08,59.17,59.69,58.8,59.24,800360,1
2020-07-09,59.54,60.2,59.17,59.54,1220730,1
2020-07-10,59.32,59.46,58.21,58.51,1706520,1
2020-07-13,59.02,59.02,58.29,58.29,988800,1
2020-07-14,58.06,59.69,57.84,59.32,1461550,1
2020-07-15,59.76,61.16,59.54,59.76,2351560,1
2020-07-16,59.76,60.05,59.17,60.05,922350,1
2020-07-17,60.05,60.05,59.24,59.32,835720,1
2020-07-20,59.46,59.76,58.21,58.36,1361250,1
2020-07-21,58.43,58.58,57.11,58.06,2108040,1
2020-07-22,58.06,58.58,56.74,57.11,1707150,1
2020-07-23,57.11,58.06,57.11,58.06,882880,1
2020-07-24,57.48,58.06,54.9,56.0,2649390,1
2020-07-27,53.05,54.9,52.24,52.24,2662390,1
2020-07-28,52.46,55.85,52.46,55.85,2561800,1
2020-07-29,55.49,55.49,53.5,54.53,1809000,1
2020-07-30,54.53,56.89,54.53,56.44,1637120,1
2020-07-31,54.97,57.4,54.97,57.25,2417730,1
2020-08-03,56.74,58.06,56.59,57.84,1482350,1
2020-08-04,58.58,58.58,57.33,58.21,1382760,1
2020-08-05,58.21,58.73,57.33,58.65,1303680,1
2020-08-06,58.58,58.88,57.92,58.65,1072220,1
2020-08-07,58.73,58.95,57.92,58.65,1199110,1
2020-08-10,58.8,58.95,58.14,58.65,1688770,1
2020-08-11,58.65,58.88,57.92,58.51,905140,1
2020-08-12,58.65,58.65,57.77,58.51,1497320,1
2020-08-13,58.51,58.73,57.99,58.51,2025090,1
2020-08-14,58.14,59.61,58.14,58.73,1189750,1
2020-08-17,58.21,58.88,57.77,58.73,1107050,1
2020-08-18,58.73,58.73,57.92,58.65,1425980,1
2020-08-19,58.58,59.61,58.14,58.95,1155260,1
2020-08-20,58.95,60.57,58.8,58.95,2428430,1
2020-08-21,58.95,59.02,58.58,58.58,1074330,1
2020-08-24,58.73,59.39,58.73,58.95,1475240,1
2020-08-25,58.95,59.32,58.65,58.65,1907340,1
2020-08-26,58.65,59.17,58.43,58.58,2249680,1
2020-08-27,58.51,58.58,57.62,57.84,2357000,1
2020-08-28,58.21,58.29,57.7,57.92,1742840,1
2020-08-31,57.84,58.36,57.62,57.84,1682380,1
2020-09-01,57.7,58.14,57.11,57.99,1565620,1
2020-09-03,58.29,59.39,57.99,58.65,2913590,1
2020-09-04,58.36,59.17,58.06,58.95,2171010,1
2020-09-07,59.17,59.83,58.21,58.29,2013250,1
2020-09-08,58.36,58.65,57.62,57.84,1816120,1
2020-09-09,57.48,57.92,57.11,57.92,1956880,1
2020-09-10,58.21,59.39,57.33,57.55,4229990,1
2020-09-11,57.55,57.62,57.11,57.25,2344930,1
2020-09-14,57.25,57.7,57.11,57.11,1824670,1
2020-09-15,57.4,57.4,56.37,56.59,4717630,1
2020-09-16,56.44,57.25,56.44,56.89,1379550,1
2020-09-17,56.89,57.03,56.44,56.52,1809830,1
2020-09-18,56.74,56.89,56.52,56.66,1791160,1
2020-09-21,56.81,57.18,56.81,56.81,1677550,1
2020-09-22,56.89,56.89,56.37,56.59,1612500,1
2020-09-23,56.74,57.4,56.66,57.11,1398940,1
2020-09-24,57.11,57.77,56.81,56.81,1704250,1
2020-09-25,56.81,57.4,56.74,56.81,919900,1
2020-09-28,56.96,57.33,56.44,56.44,2015680,1
2020-09-29,56.59,56.66,55.34,55.49,3772160,1
2020-09-30,55.49,56.3,55.34,55.63,1677150,1
2020-10-01,56.22,56.89,56.08,56.81,1359510,1
2020-10-02,56.74,57.03,55.26,55.93,1730820,1
2020-10-05,56.0,56.66,55.93,56.0,1080840,1
2020-10-06,56.0,56.59,56.0,56.08,1505510,1
2020-10-07,56.08,57.03,56.08,56.59,2596060,1
2020-10-08,56.74,56.89,56.22,56.44,1043430,1
2020-10-09,56.44,57.03,56.37,56.74,1456580,1
2020-10-12,56.89,58.36,56.74,57.11,4265300,1
2020-10-13,57.4,57.92,57.18,57.55,1233860,1
2020-10-14,57.77,58.14,57.55,57.84,2030870,1
2020-10-15,57.99,58.29,57.11,57.11,2689830,1
2020-10-16,57.4,57.4,56.66,56.74,1811510,1
2020-10-19,56.59,56.74,56.0,56.08,2467450,1
2020-10-20,56.08,56.44,55.85,56.15,2257630,1
2020-10-21,56.3,57.25,56.15,56.3,1862630,1
2020-10-22,56.37,57.11,56.15,57.11,1591870,1
2020-10-23,57.48,58.88,57.33,58.58,5830890,1
2020-10-26,59.32,59.76,57.84,57.84,3668950,1
2020-10-27,58.21,58.36,57.18,57.18,2422480,1
2020-10-28,56.89,57.25,55.71,55.71,3139990,1
2020-10-29,55.63,56.52,55.56,56.15,2088330,1
2020-10-30,56.74,56.74,55.19,56.0,3013800,1
2020-11-02,56.0,56.22,55.56,55.93,1162890,1
2020-11-03,56.15,56.15,55.63,55.85,2067320,1
2020-11-04,56.0,56.37,55.78,55.93,1825770,1
2020-11-05,56.0,56.66,55.78,55.78,1779570,1
2020-11-06,55.78,56.0,55.71,55.78,1695290,1
2020-11-09,56.0,57.48,56.0,57.48,3746870,1
2020-11-10,57.99,58.21,57.03,57.03,3627750,1
2020-11-11,57.4,57.55,56.44,56.44,2717770,1
2020-11-12,56.44,57.11,56.44,56.89,1464300,1
2020-11-13,56.89,57.84,56.89,57.7,2425260,1
2020-11-16,57.92,58.36,56.0,56.44,4096110,1
2020-11-17,56.74,57.7,56.52,57.7,2250180,1
2020-11-18,57.62,57.62,56.96,56.96,2008090,1
2020-11-19,57.11,57.62,56.89,57.11,2451380,1
2020-11-20,57.48,58.06,57.18,57.84,2692820,1
2020-11-23,58.51,59.61,58.43,59.39,5107110,1
2020-11-24,59.69,61.75,59.39,61.75,5458900,1
2020-11-25,61.9,63.15,61.45,61.53,3544000,1
2020-11-26,61.09,61.31,60.5,60.94,2313600,1
2020-11-27,60.94,61.53,60.5,61.16,2024240,1
2020-11-30,61.53,62.12,60.57,60.86,3533370,1
2020-12-01,60.05,61.38,60.05,61.38,2597660,1
2020-12-02,61.31,63.22,61.31,62.78,4703540,1
2020-12-03,63.08,63.08,62.26,62.56,1673260,1
2020-12-04,62.63,62.78,61.97,62.56,2190950,1
2020-12-07,62.26,62.71,61.75,62.41,1479390,1
2020-12-08,62.56,63.15,62.12,62.19,1532530,1
2020-12-09,62.26,62.85,62.04,62.63,2136700,1
2020-12-10,62.93,63.15,61.6,61.6,2406160,1
2020-12-11,61.6,62.63,61.45,62.63,2406180,1
2020-12-14,62.93,64.11,62.63,64.11,2974170,1
2020-12-15,63.74,64.92,62.63,63.37,4050090,1
2020-12-16,63.37,63.81,63.0,63.52,1812470,1
2020-12-17,63.37,63.37,62.26,62.41,4870320,1
2020-12-18,62.41,63.37,62.34,62.85,3038890,1
2020-12-21,63.08,64.33,63.08,64.18,3322250,1
2020-12-22,64.25,64.77,63.66,64.03,2163130,1
2020-12-23,64.4,65.58,63.96,64.4,3220800,1
2020-12-24,64.84,64.92,62.26,63.59,2687430,1
2020-12-25,63.52,64.55,63.08,64.55,1584940,1
2020-12-28,65.21,65.29,63.89,64.62,1905670,1
2020-12-29,64.62,66.69,64.18,66.54,3451160,1
2020-12-30,66.76,67.79,66.32,66.46,2027680,1
2020-12-31,67.2,67.35,65.95,65.95,1272810,1
2021-01-04,67.05,68.45,66.24,67.79,3077500,1
2021-01-05,67.64,70.74,67.42,70.44,2853200,1
2021-01-06,71.11,71.18,69.41,69.85,2838200,1
2021-01-07,69.85,70.08,68.82,69.85,2926400,1
2021-01-08,70.37,71.33,70.22,71.03,2187200,1
2021-01-11,72.21,75.97,71.92,75.97,4512700,1
2021-01-12,77.22,77.3,75.97,76.19,2862600,1
2021-01-13,76.63,76.71,73.39,74.35,2972500,1
2021-01-14,74.35,74.57,72.65,73.39,3274800,1
2021-01-15,73.76,74.87,73.24,74.87,2078100,1
2021-01-18,75.16,75.75,73.39,74.42,2291200,1
2021-01-19,73.69,74.2,69.26,71.33,3552500,1
2021-01-20,71.48,75.9,69.63,71.84,3457300,1
2021-01-21,72.21,73.24,72.07,72.95,3018300,1
2021-01-22,73.24,74.42,72.88,73.17,2262800,1
2021-01-25,73.32,73.76,72.65,73.32,2142000,1
2021-01-26,73.39,73.47,70.0,72.21,2105700,1
2021-01-27,70.74,72.36,67.42,69.19,3312000,1
2021-01-28,64.48,66.1,64.4,64.4,3197600,1
2021-01-29,61.9,68.9,61.9,68.9,5469400,1
2021-02-01,68.97,70.0,65.06,65.06,2634200,1
2021-02-02,65.58,69.56,64.84,69.56,2756900,1
2021-02-03,69.63,72.88,69.63,71.62,3365900,1
2021-02-04,71.62,72.88,70.15,72.51,2498900,1
2021-02-05,72.95,73.39,72.43,73.17,2245800,1
2021-02-08,73.17,73.24,68.16,69.78,4803100,1
2021-02-09,70.67,71.7,69.19,71.33,2668600,1
2021-02-17,72.21,74.57,71.48,74.42,3701700,1
2021-02-18,74.42,76.04,73.69,76.04,4499400,1
2021-02-19,75.16,76.19,74.64,75.97,1911800,1
2021-02-22,76.49,78.25,76.34,77.96,4390500,1
2021-02-23,77.96,78.4,76.63,77.59,2039100,1
2021-02-24,78.11,78.11,74.42,75.75,3720700,1
2021-02-25,75.9,76.34,74.79,75.75,2300900,1
2021-02-26,74.64,75.75,73.98,74.87,2385600,1
2021-03-01,75.16,76.19,75.09,75.9,2302000,1
2021-03-02,76.63,77.0,74.94,75.75,2460000,1
2021-03-03,75.53,75.53,74.64,74.79,2148400,1
2021-03-04,75.09,75.16,72.21,73.69,2714300,1
2021-03-05,72.51,73.32,72.21,72.51,2865300,1
2021-03-08,73.47,73.54,71.33,71.62,3046500,1
2021-03-09,71.48,73.17,70.15,72.36,2196300,1
2021-03-10,73.32,73.91,72.21,73.61,2406700,1
2021-03-11,74.42,74.72,72.88,73.69,1726900,1
2021-03-12,73.69,74.57,73.17,73.61,1733400,1
2021-03-15,73.61,73.69,72.58,73.54,2288400,1
2021-03-16,73.39,73.54,72.29,73.32,1317500,1
2021-03-17,72.8,73.47,72.29,73.17,2007400,1
2021-03-18,73.32,73.61,72.21,73.47,1374800,1
2021-03-19,72.95,73.17,72.07,72.07,2747200,1
2021-03-22,72.73,73.32,72.21,73.17,1576700,1
2021-03-23,72.65,73.1,72.21,72.73,1319900,1
2021-03-24,71.92,72.21,70.74,71.62,2103300,1
2021-03-25,71.62,71.99,70.0,71.25,2404000,1
2021-03-26,71.11,71.25,69.34,70.52,2265800,1
2021-03-29,70.74,71.11,70.08,70.89,1446000,1
2021-03-30,70.89,72.14,70.67,70.96,2901300,1
2021-03-31,71.11,72.51,71.11,71.7,1897500,1
2021-04-01,71.84,73.32,71.55,72.95,2578700,1
2021-04-02,73.69,75.01,73.47,74.2,2203200,1
2021-04-05,75.9,77.37,74.42,74.94,2653200,1
2021-04-06,74.94,75.9,74.64,74.94,2102600,1
2021-04-07,74.2,74.72,73.32,74.05,2485300,1
2021-04-08,74.05,74.05,73.47,73.47,1584900,1
2021-04-09,73.1,73.1,72.21,72.88,2111100,1
2021-04-12,73.32,75.16,73.17,75.01,3269900,1
2021-04-13,75.82,77.37,75.01,75.53,4016800,1
2021-04-14,72.58,74.05,72.14,74.05,8169000,1
2021-04-15,75.01,77.0,74.2,74.57,7972300,1
2021-04-16,74.57,77.0,72.21,74.42,6593100,1
2021-04-19,75.9,77.0,74.64,77.0,9104900,1
2021-04-20,79.07,82.38,78.55,80.02,15266000,1
2021-04-22,80.32,82.82,75.97,75.97,6647900,1
2021-04-23,76.34,77.37,75.16,77.37,8823200,1
2021-04-26,77.37,77.37,73.39,73.39,8982600,1
2021-04-27,73.39,74.5,72.36,73.69,3979800,1
2021-04-28,73.69,75.82,73.69,74.35,5756900,1
2021-04-29,74.72,74.79,72.95,73.17,5374300,1
2021-05-04,72.21,73.32,70.81,73.1,4388500,1
2021-05-05,73.1,74.57,73.1,73.39,2850600,1
2021-05-06,73.39,74.42,72.73,72.73,2793600,1
2021-05-07,72.58,73.32,71.48,71.55,5114200,1
2021-05-10,70.81,73.54,70.81,73.02,3933700,1
2021-05-11,73.61,73.61,72.21,72.21,3142600,1
2021-05-12,71.84,72.43,71.33,71.99,3510300,1
2021-05-13,71.62,72.43,71.4,71.48,2560600,1
2021-05-14,71.77,72.58,71.4,71.62,2990500,1
2021-05-17,73.17,76.27,73.17,74.28,5913000,1
2021-05-18,74.87,75.16,72.88,72.88,3455700,1
2021-05-19,73.1,74.2,72.58,73.98,2871000,1
2021-05-20,73.98,75.16,73.1,75.16,3923100,1
2021-05-21,74.79,76.78,74.05,76.56,6075800,1
2021-05-24,77.22,78.84,76.63,78.11,5182000,1
2021-05-25,77.52,78.03,76.78,77.08,2865100,1
2021-05-26,77.08,78.99,76.49,77.89,4679100,1
2021-05-27,78.11,79.21,72.73,76.93,4530700,1
2021-05-28,77.37,77.74,76.04,77.08,3237700,1
2021-05-31,77.0,77.0,74.5,75.6,5075900,1
2021-06-01,75.16,77.89,74.64,76.63,3869100,1
2021-06-02,76.27,77.74,75.9,76.93,2664100,1
2021-06-03,77.08,78.11,77.08,77.67,5044900,1
2021-06-04,78.84,79.07,76.49,77.0,3635200,1
2021-06-07,77.0,78.7,77.0,78.11,4249400,1
2021-06-08,78.62,80.69,77.37,77.59,7252600,1
2021-06-09,78.11,78.7,77.0,78.18,3322600,1
2021-06-10,78.11,78.84,76.63,76.71,3369400,1
2021-06-11,76.63,78.4,76.49,78.11,3884300,1
2021-06-14,79.21,81.72,78.92,80.98,7532600,1
2021-06-15,82.53,83.34,81.87,82.97,5394500,1
2021-06-16,82.53,83.27,80.39,81.05,4021200,1
2021-06-17,79.95,81.05,79.65,80.32,3866300,1
2021-06-18,81.05,85.48,80.17,82.9,4789800,1
2021-06-21,82.45,83.27,81.79,82.53,3350800,1
2021-06-22,82.45,82.75,82.16,82.16,2497800,1
2021-06-23,82.53,82.53,80.24,82.01,3874800,1
2021-06-24,81.72,84.74,81.05,82.6,3936900,1
2021-06-25,83.27,83.63,82.23,82.6,2846300,1
2021-06-28,83.27,85.11,82.82,85.11,7156600,1
2021-06-29,85.48,87.98,85.33,87.39,5907600,1
2021-06-30,87.69,88.72,86.43,86.95,5135400,1
2021-07-01,86.29,87.32,86.07,86.36,3700200,1
2021-07-02,86.36,87.83,85.84,86.95,3152400,1
2021-07-05,87.69,87.69,84.89,87.32,4553400,1
2021-07-06,87.02,87.76,81.28,81.28,4255400,1
2021-07-07,81.79,86.21,80.69,86.21,7071300,1
2021-07-08,85.11,85.99,83.85,84.74,4664700,1
2021-07-09,83.78,85.4,82.16,82.9,3902100,1
2021-07-12,82.53,82.53,77.15,79.58,8065200,1
2021-07-13,80.98,80.98,78.11,80.69,2562500,1
2021-07-14,80.83,82.68,79.43,80.69,3325300,1
2021-07-15,79.95,81.5,79.95,81.28,4555800,1
2021-07-16,81.28,81.42,80.1,80.32,2119200,1
2021-07-19,78.77,79.36,76.12,76.85,3189800,1
2021-07-20,77.81,78.55,75.9,78.55,4045600,1
2021-07-21,79.21,80.17,78.55,79.58,3042000,1
2021-07-22,79.58,81.79,78.84,81.79,3402500,1
2021-07-23,81.05,82.16,79.29,79.29,2635200,1
2021-07-26,79.21,81.5,78.99,80.76,2753500,1
2021-07-27,81.57,81.64,79.29,79.43,5342500,1
2021-07-28,78.92,79.36,77.81,78.48,4909500,1
2021-07-29,80.32,80.54,78.48,79.51,3954600,1
2021-07-30,79.58,80.17,78.84,79.8,4731600,1
2021-08-02,79.58,79.88,78.92,79.65,4807700,1
2021-08-03,79.43,82.68,79.43,81.72,9951300,1
2021-08-04,82.16,82.53,80.69,81.42,4121600,1
2021-08-05,81.35,82.31,80.98,82.31,5258200,1
2021-08-06,82.53,84.37,82.38,83.93,11226500,1
2021-08-09,83.93,86.51,83.63,86.51,6329000,1
2021-08-10,87.32,87.76,86.21,86.21,7700400,1
2021-08-11,86.21,86.73,85.03,85.48,8250600,1
2021-08-12,85.33,86.43,84.89,86.21,5228900,1
2021-08-13,86.95,88.94,86.36,88.42,10159600,1
2021-08-16,89.82,89.82,84.44,85.48,18686700,1
2021-08-17,84.74,85.11,81.42,81.79,19975200,1
2021-08-18,81.05,83.63,79.51,81.05,23516400,1
2021-08-19,81.05,82.09,80.32,81.79,18153200,1
2021-08-20,81.79,81.79,79.43,79.65,20500700,1
2021-08-23,79.21,80.32,78.99,78.99,15955500,1
2021-08-24,79.21,79.65,78.48,79.07,20691400,1
2021-08-25,79.21,79.51,78.7,78.84,16184100,1
2021-08-26,78.84,79.14,77.37,78.55,13182400,1
2021-08-27,78.11,78.77,77.37,78.77,9953900,1
2021-08-30,78.92,79.36,78.55,78.77,8782700,1
2021-08-31,78.84,78.92,78.25,78.4,10567000,1
2021-09-01,79.88,80.47,78.55,78.84,21977200,1
2021-09-06,79.51,80.24,78.7,79.88,13077500,1
2021-09-07,80.32,81.79,79.95,80.76,11598900,1
2021-09-08,80.83,81.05,79.36,79.51,9311500,1
2021-09-09,79.21,80.24,78.92,79.36,9925000,1
2021-09-10,79.58,80.24,79.21,79.21,15193100,1
2021-09-13,79.58,79.65,78.7,78.84,9821600,1
2021-09-14,78.84,79.88,78.62,78.84,10966200,1
2021-09-15,79.96,81.13,78.41,79.57,9287400,1
2021-09-16,79.67,80.16,77.73,77.83,7925100,1
2021-09-17,77.83,79.19,77.34,78.89,6873600,1
2021-09-20,78.51,78.8,77.63,77.63,5456900,1
2021-09-21,76.27,77.53,73.94,75.3,13434500,1
2021-09-22,75.78,75.98,73.84,75.78,8759600,1
2021-09-23,75.88,77.24,75.78,77.05,4687300,1
2021-09-24,77.05,78.02,76.46,77.34,4577300,1
2021-09-27,77.34,77.34,75.98,75.98,5151700,1
2021-09-28,75.3,77.15,75.2,76.27,5298500,1
2021-09-29,76.27,76.66,75.49,75.98,2992100,1
2021-09-30,76.27,77.15,75.98,76.08,3151100,1
2021-10-01,76.08,76.08,74.81,74.81,4115400,1
2021-10-04,74.81,75.98,74.04,75.78,4104600,1
2021-10-05,75.59,77.34,75.3,77.15,4573100,1
2021-10-06,77.44,78.21,77.34,78.21,4488000,1
2021-10-07,78.31,78.51,77.44,77.73,2556200,1
2021-10-08,77.53,78.51,77.44,77.63,3466200,1
2021-10-11,77.63,78.7,77.24,78.7,5384000,1
2021-10-12,78.7,79.28,78.12,78.6,8096900,1
2021-10-13,78.7,78.7,77.63,77.73,5259700,1
2021-10-14,77.73,77.73,76.56,76.66,8587800,1
2021-10-15,76.66,77.24,75.88,76.46,5269100,1
2021-10-18,76.56,77.24,76.27,76.66,4542000,1
2021-10-19,76.66,77.53,76.27,77.15,5568400,1
2021-10-20,77.34,77.34,75.98,76.56,5507700,1
2021-10-21,76.56,76.66,75.69,75.69,5861900,1
2021-10-22,75.98,76.66,75.78,75.78,4153100,1
2021-10-25,76.37,77.44,75.98,76.27,6781600,1
2021-10-26,76.66,77.05,76.27,76.46,2940100,1
2021-10-27,76.66,78.89,76.66,78.7,8780700,1
2021-10-28,78.99,79.19,78.21,78.7,5310000,1
2021-10-29,78.89,83.07,78.89,83.07,15578000,1
2021-11-01,83.56,84.43,81.61,81.91,9723600,1
2021-11-02,82.0,82.78,81.91,82.59,5784000,1
2021-11-03,82.68,83.07,80.25,80.55,11230500,1
2021-11-04,80.16,81.13,79.48,80.35,8241100,1
2021-11-05,79.87,80.45,79.28,79.67,8244100,1
2021-11-08,80.16,80.64,79.19,80.06,8203200,1
2021-11-09,80.16,82.1,79.67,80.64,8139200,1
2021-11-10,81.03,81.13,80.25,80.25,4154800,1
2021-11-11,80.35,80.45,79.09,79.19,9431300,1
2021-11-12,79.28,79.67,78.51,79.67,5317400,1
2021-11-15,80.16,82.0,79.77,81.61,9673200,1
2021-11-16,81.61,81.91,80.35,80.64,6114200,1
2021-11-17,80.64,81.61,80.45,81.13,5259600,1
2021-11-18,81.13,81.52,80.06,80.45,6316700,1
2021-11-19,80.55,80.74,77.73,78.21,7517600,1
2021-11-22,78.89,79.19,77.44,78.7,6326700,1
2021-11-23,78.7,80.16,78.41,80.16,3583700,1
2021-11-24,80.35,81.32,79.48,81.32,7322400,1
2021-11-25,81.91,82.59,81.13,81.52,8611000,1
2021-11-26,81.52,82.49,80.84,80.93,8576100,1
2021-11-29,79.28,82.39,79.28,82.39,11265700,1
2021-11-30,83.07,83.07,80.64,82.2,8501600,1
2021-12-01,81.81,82.1,80.45,80.55,6787500,1
2021-12-02,80.84,81.03,79.96,79.96,4813200,1
2021-12-03,80.25,80.74,77.92,77.92,5699400,1
2021-12-06,78.6,78.8,77.15,77.44,6641800,1
2021-12-07,78.31,79.48,77.92,79.28,4522700,1
2021-12-08,79.38,79.48,78.6,78.7,3810100,1
2021-12-09,78.8,79.48,78.31,79.28,2766400,1
2021-12-10,78.99,79.28,78.31,78.6,4327100,1
2021-12-13,78.7,81.13,78.6,79.77,6503000,1
2021-12-14,80.16,80.64,79.57,79.77,3082100,1
2021-12-15,79.87,80.55,79.28,80.25,3589800,1
2021-12-16,80.45,80.45,79.38,79.96,3290500,1
2021-12-17,80.06,83.56,80.06,82.1,25185800,1
2021-12-20,82.78,82.78,80.93,81.13,4652600,1
2021-12-21,81.13,84.33,81.13,83.56,16016300,1
2021-12-22,84.33,85.02,82.78,83.27,8928800,1
2021-12-23,83.46,83.65,80.16,80.16,8897300,1
2021-12-24,80.35,80.93,79.87,80.55,6813200,1
2021-12-27,80.74,81.13,79.19,80.45,4999700,1
2021-12-28,80.64,81.81,80.25,80.45,4469100,1
2021-12-29,80.55,81.13,79.38,79.38,5229300,1
2021-12-30,80.06,80.06,79.28,79.28,5845500,1
2021-12-31,79.67,79.96,79.28,79.67,4633900,1
2022-01-04,80.35,82.97,80.16,82.68,10190100,1
2022-01-05,82.68,83.46,81.61,81.61,7373100,1
2022-01-06,81.61,83.56,81.61,82.88,10551700,1
2022-01-07,83.07,83.95,81.91,82.97,8240800,1
2022-01-10,83.07,84.92,82.2,82.97,9915000,1
2022-01-11,83.07,83.27,80.64,81.23,6135600,1
2022-01-12,80.64,82.0,79.09,81.23,6533800,1
2022-01-13,81.61,81.91,79.67,79.87,6683500,1
2022-01-14,79.67,80.45,79.28,79.87,3589700,1
2022-01-17,79.96,80.16,76.85,76.85,8310500,1
2022-01-18,76.95,77.73,73.94,74.81,8073900,1
2022-01-19,74.81,76.08,74.81,75.4,3344400,1
2022-01-20,75.4,77.34,75.2,76.37,3627700,1
2022-01-21,77.15,77.24,75.49,77.15,5040100,1
2022-01-24,76.46,76.76,74.04,74.04,5605300,1
2022-01-25,74.33,78.7,73.55,78.7,5762000,1
2022-01-26,78.7,78.89,77.73,78.89,3922600,1
2022-01-27,78.89,79.48,77.44,78.7,4446800,1
2022-01-28,78.12,78.89,77.92,78.02,3900100,1
2022-02-07,79.28,80.64,78.89,79.87,4868100,1
2022-02-08,80.16,80.16,78.7,78.89,3101900,1
2022-02-09,78.89,81.61,78.89,79.19,4706300,1
2022-02-10,79.48,79.48,77.34,77.83,5872800,1
2022-02-11,77.73,78.21,77.24,77.44,3480800,1
2022-02-14,76.76,77.24,75.88,75.88,5093500,1
2022-02-15,75.88,78.6,75.88,77.73,3777500,1
2022-02-16,78.02,78.21,77.44,77.73,2334400,1
2022-02-17,77.73,78.51,77.44,78.51,2803200,1
2022-02-18,77.73,78.02,77.34,77.44,3373300,1
2022-02-21,77.73,78.21,77.44,77.73,3116800,1
2022-02-22,77.05,77.24,76.17,77.05,5146700,1
2022-02-23,77.53,78.02,77.05,77.15,2850000,1
2022-02-24,77.05,77.24,74.91,76.37,5284300,1
2022-02-25,76.76,77.05,76.08,76.08,2693300,1
2022-02-28,76.08,76.37,75.3,75.3,2837300,1
2022-03-01,75.3,75.98,75.3,75.78,2459200,1
2022-03-02,75.49,75.78,74.81,75.3,3397800,1
2022-03-03,75.69,76.27,75.01,75.78,3942400,1
2022-03-04,75.78,76.27,75.01,75.69,4102000,1
2022-03-07,75.01,75.01,73.65,74.04,7634300,1
2022-03-08,73.74,74.33,72.48,72.48,6032800,1
2022-03-09,72.87,72.87,71.7,71.9,7395400,1
2022-03-10,72.68,73.74,72.38,73.06,3775700,1
2022-03-11,73.06,73.06,71.9,72.87,3610200,1
2022-03-14,72.48,72.58,71.32,72.38,3437200,1
2022-03-15,72.68,72.68,71.61,72.38,4163200,1
2022-03-16,72.19,72.38,71.61,72.09,4047200,1
2022-03-17,71.9,73.65,71.8,71.9,2869600,1
2022-03-18,72.58,74.13,72.09,72.48,7410800,1
2022-03-21,73.16,75.3,73.06,75.3,4454000,1
2022-03-22,75.4,76.27,74.62,75.78,4130400,1
2022-03-23,75.78,75.88,74.91,75.01,3617700,1
2022-03-24,74.81,74.81,73.45,73.55,4527700,1
2022-03-25,73.65,74.13,73.36,73.74,2713700,1
2022-03-28,73.16,73.55,72.29,72.77,3712400,1
2022-03-29,72.77,74.42,72.68,74.33,2945900,1
2022-03-30,73.65,74.13,72.58,73.65,4088400,1
2022-03-31,73.45,73.84,72.97,73.65,3394300,1
2022-04-01,73.36,74.33,72.97,74.04,4095000,1
2022-04-04,74.81,74.81,73.94,74.13,3127700,1
2022-04-05,74.13,75.3,73.84,74.23,3785900,1
2022-04-06,73.84,74.13,72.97,74.13,3879900,1
2022-04-07,73.84,73.94,72.58,72.87,4601800,1
2022-04-08,72.97,73.84,72.38,72.97,4471900,1
2022-04-12,72.77,72.97,70.93,70.93,4356200,1
2022-04-13,71.12,71.32,70.15,71.02,3825200,1
2022-04-14,71.22,71.41,69.96,70.25,3679100,1
2022-04-15,70.25,70.34,68.69,69.08,4040800,1
2022-04-18,68.11,68.79,66.17,67.82,5668700,1
2022-04-19,67.23,68.5,66.46,66.94,2732200,1
2022-04-20,66.55,66.65,63.83,64.9,5981000,1
2022-04-21,64.61,65.1,62.18,62.18,6536700,1
2022-04-22,62.86,63.93,62.09,62.86,6187200,1
2022-04-25,63.15,63.25,58.49,61.21,6857400,1
2022-04-26,59.56,63.15,57.52,63.15,6323900,1
2022-04-27,62.47,63.15,60.92,63.15,4773300,1
2022-04-28,63.06,63.06,60.82,62.67,6290400,1
2022-04-29,61.31,63.15,61.21,63.15,6819600,1
2022-05-04,63.15,63.35,61.7,62.67,2511700,1
2022-05-05,62.77,66.85,62.57,66.85,7518400,1
2022-05-06,65.1,66.85,64.81,66.75,5560700,1
2022-05-09,65.97,66.55,64.51,66.07,5658400,1
2022-05-10,65.0,67.91,63.15,67.91,4352700,1
2022-05-11,67.04,69.18,66.65,68.5,3072800,1
2022-05-12,67.23,67.91,65.1,66.94,4117300,1
2022-05-13,66.94,66.94,62.67,66.07,6924300,1
2022-05-16,66.07,66.17,62.67,63.93,5296400,1
2022-05-17,63.35,65.0,61.5,65.0,4830700,1
2022-05-18,65.0,65.0,63.45,65.0,4266300,1
2022-05-19,63.15,65.78,63.15,65.1,3316000,1
2022-05-20,65.19,65.49,64.13,64.9,2305800,1
2022-05-23,64.81,65.49,63.45,64.81,2901300,1
2022-05-24,63.93,65.0,63.83,65.0,2242000,1
2022-05-25,64.9,65.97,64.42,65.97,3077100,1
2022-05-26,65.97,67.62,65.97,66.75,3048600,1
2022-05-27,67.04,67.72,66.55,67.72,2451900,1
2022-05-30,68.01,68.5,66.85,68.5,2593900,1
2022-05-31,68.7,69.9,68.5,69.6,3692900,1
2022-06-01,69.6,70.3,69.0,70.3,3704600,1
2022-06-02,70.1,70.1,68.6,69.5,3115700,1
2022-06-03,68.6,69.4,68.0,69.4,2752600,1
2022-06-06,69.4,69.5,68.2,69.3,3331600,1
2022-06-07,69.0,69.0,67.8,68.5,3568900,1
2022-06-08,68.5,69.2,68.0,68.5,2085300,1
2022-06-09,68.7,68.7,67.5,68.3,3544100,1
2022-06-10,67.2,68.3,67.2,68.3,2452200,1
2022-06-13,66.5,67.0,65.2,66.0,3373800,1
2022-06-14,65.6,66.0,64.7,66.0,3015300,1
2022-06-15,66.0,66.3,64.7,65.9,3508000,1
2022-06-16,65.9,66.7,65.6,66.0,2437800,1
2022-06-17,64.8,66.0,63.8,66.0,3106900,1
2022-06-20,65.9,66.0,64.7,65.0,2701700,1
2022-06-21,64.7,65.0,63.8,65.0,2365100,1
2022-06-22,64.5,65.0,63.5,64.8,3460900,1
2022-06-23,63.9,64.2,63.0,63.2,5534200,1
2022-06-24,63.3,63.8,63.1,63.2,2256500,1
2022-06-27,63.2,64.9,63.2,63.5,2666100,1
2022-06-28,63.5,64.1,63.5,63.8,1455900,1
2022-06-29,63.6,64.0,63.1,63.3,1571700,1
2022-06-30,63.3,63.8,62.1,62.1,2480200,1
2022-07-01,62.2,63.5,61.4,61.4,2974000,1
2022-07-04,62.0,62.0,61.0,61.0,2256200,1
2022-07-05,61.1,61.5,60.4,60.5,3133800,1
2022-07-06,60.2,60.5,58.4,59.1,6722800,1
2022-07-07,59.0,61.0,58.3,61.0,2098800,1
2022-07-08,61.3,61.3,59.5,61.0,1793900,1
2022-07-11,59.1,60.5,58.4,60.5,4883200,1
2022-07-12,59.5,60.5,59.1,60.2,3602700,1
2022-07-13,60.0,60.5,59.0,60.1,2334600,1
2022-07-14,60.1,60.3,59.2,60.1,1906300,1
2022-07-15,59.5,60.2,59.4,60.0,2301900,1
2022-07-18,60.0,60.0,59.0,59.0,2023400,1
2022-07-19,58.6,59.1,58.6,58.8,1864800,1
2022-07-20,59.0,59.7,58.5,59.7,1910000,1
2022-07-21,59.6,59.7,58.9,58.9,2070700,1
2022-07-22,58.9,59.0,58.5,58.7,1530500,1
2022-07-25,58.5,59.1,58.5,58.9,1229500,1
2022-07-26,59.0,59.3,58.5,58.7,737100,1
2022-07-27,58.5,58.8,58.5,58.6,502800,1
2022-07-28,59.0,59.1,58.5,58.8,1914300,1
2022-07-29,58.9,60.5,58.8,59.9,3235500,1
2022-08-01,59.8,60.0,59.0,60.0,1703800,1
2022-08-02,59.8,62.8,59.4,62.5,4320200,1
2022-08-03,62.0,62.7,61.4,61.9,2005800,1
2022-08-04,62.0,63.1,62.0,63.0,5218900,1
2022-08-05,62.7,62.7,61.6,61.8,2290400,1
2022-08-08,61.5,61.9,61.5,61.5,2233600,1
2022-08-09,61.7,61.9,60.9,60.9,2234700,1
2022-08-10,61.0,62.3,60.8,61.3,1594600,1
2022-08-11,61.9,61.9,61.0,61.4,2236700,1
2022-08-12,61.4,61.5,61.1,61.2,1423400,1
2022-08-15,61.5,62.3,61.3,61.5,2189500,1
2022-08-16,61.5,61.8,61.1,61.3,1107300,1
2022-08-17,61.5,61.8,61.3,61.3,2505800,1
2022-08-18,61.3,61.8,61.1,61.1,3350200,1
2022-08-19,61.0,61.1,59.5,60.1,2780700,1
2022-08-22,59.9,60.4,59.1,59.4,2116900,1
2022-08-23,59.2,59.7,59.1,59.5,1353300,1
2022-08-24,59.6,59.8,59.3,59.7,1049900,1
2022-08-25,59.9,61.2,59.8,61.0,2025800,1
2022-08-26,61.0,61.4,60.2,60.3,851200,1
2022-08-29,59.6,59.8,58.9,59.7,2035600,1
2022-08-30,59.7,60.4,59.5,59.9,1770500,1
2022-08-31,59.9,61.4,59.7,61.0,2837300,1
2022-09-05,61.2,61.8,61.0,61.0,1529500,1
2022-09-06,61.2,61.5,61.0,61.1,1285200,1
2022-09-07,61.0,61.1,59.5,59.5,1847100,1
2022-09-08,59.6,59.8,59.3,59.6,1642000,1
2022-09-09,59.8,60.2,59.5,59.9,1443100,1
2022-09-12,60.1,61.8,60.1,61.4,3894313,1
2022-09-13,61.5,61.5,60.7,60.7,2252100,1
2022-09-14,59.8,60.3,59.7,60.0,1784500,1
2022-09-15,60.0,60.5,59.8,60.5,1910900,1
2022-09-16,60.0,61.1,59.6,59.6,2368800,1
2022-09-19,59.6,59.8,58.4,58.4,1944900,1
2022-09-20,58.6,59.3,58.6,58.9,1539400,1
2022-09-21,58.9,58.9,58.0,58.3,1732700,1
2022-09-22,57.8,58.0,56.6,57.7,2370700,1
2022-09-23,57.5,57.7,57.0,57.2,630900,1
2022-09-26,56.5,57.0,55.2,55.9,2734600,1
2022-09-27,55.9,55.9,54.1,54.1,1239500,1
2022-09-28,53.6,54.0,51.0,51.2,2627228,1
2022-09-29,52.1,52.5,50.7,50.8,1969335,1
2022-09-30,50.0,52.0,48.0,50.7,4402203,1
2022-10-03,50.7,50.8,47.2,50.4,4218493,1
2022-10-04,50.7,50.7,48.3,50.6,2983051,1
2022-10-05,51.0,53.8,50.9,53.8,3929858,1
2022-10-06,53.6,54.1,52.7,53.6,2716965,1
2022-10-07,53.6,53.8,50.7,53.8,4056838,1
2022-10-10,53.0,53.9,51.8,53.9,2164908,1
2022-10-11,52.6,52.6,50.8,51.8,4082550,1
2022-10-12,51.8,52.9,50.5,52.5,2060482,1
2022-10-13,52.5,52.8,51.0,52.8,2130221,1
2022-10-14,53.0,53.1,51.3,51.9,1698359,1
2022-10-17,51.5,51.5,49.5,49.5,2935809,1
2022-10-18,50.0,50.5,48.35,50.5,2554624,1
2022-10-19,50.4,50.5,49.05,50.0,1241367,1
2022-10-20,49.5,50.0,48.9,50.0,2748638,1
2022-10-21,49.95,49.95,46.5,47.95,5386579,1
2022-10-24,47.95,47.95,44.6,44.6,1836664,1
2022-10-25,44.6,44.7,41.5,44.6,6295967,1
2022-10-26,44.6,44.6,41.75,43.5,3701482,1
2022-10-27,43.4,44.6,42.9,44.0,4870728,1
2022-10-28,44.5,46.3,44.1,44.9,3078648,1
2022-10-31,45.5,46.8,44.1,45.0,2525558,1
2022-11-01,45.8,46.2,45.0,45.0,2623977,1
2022-11-02,45.0,45.5,44.7,44.9,2263929,1
2022-11-03,44.55,45.35,44.35,45.0,2100624,1
2022-11-04,44.8,44.8,42.5,44.5,4339322,1
2022-11-07,44.0,44.0,42.2,43.9,3021916,1
2022-11-08,43.1,43.8,41.25,43.8,5522882,1
2022-11-09,43.8,45.0,43.8,44.55,4934117,1
2022-11-10,44.1,44.1,42.3,43.95,4021513,1
2022-11-11,43.95,44.55,43.75,44.15,4085772,1
2022-11-14,43.8,44.9,42.35,44.0,2667054,1
2022-11-15,42.55,43.85,42.45,43.4,3095782,1
2022-11-16,43.0,45.0,41.5,44.9,3373810,1
2022-11-17,45.0,47.95,44.95,47.95,4306163,1
2022-11-18,47.95,48.8,46.6,48.0,3643335,1
2022-11-21,48.0,48.0,45.75,46.95,2713823,1
2022-11-22,45.8,48.5,45.3,45.3,1852773,1
2022-11-23,45.0,46.0,44.3,44.4,1111791,1
2022-11-24,44.35,45.5,44.2,45.0,1183210,1
2022-11-25,46.0,47.05,45.8,47.0,3345838,1
2022-11-28,47.5,50.2,47.4,50.2,7817911,1
2022-11-29,51.6,53.1,50.4,53.1,7435937,1
2022-11-30,53.6,54.5,52.0,54.5,6193644,1
2022-12-01,55.1,56.2,53.5,53.5,5871585,1
2022-12-02,53.5,57.2,53.0,57.2,6367474,1
2022-12-05,57.5,58.3,56.8,58.3,4599790,1
2022-12-06,58.3,58.3,54.3,55.0,4263199,1
2022-12-07,54.2,56.7,54.2,55.5,3602625,1
2022-12-08,57.0,57.0,54.5,55.4,4143026,1
2022-12-09,55.4,55.6,53.7,54.1,3330015,1
2022-12-12,54.2,54.2,50.5,50.5,3869361,1
2022-12-13,50.5,53.0,49.95,53.0,4251809,1
2022-12-14,53.7,53.7,51.4,53.0,3219803,1
2022-12-15,53.0,53.1,50.7,50.7,2950218,1
2022-12-16,50.3,51.2,49.3,49.3,3492812,1
2022-12-19,49.4,50.2,48.2,48.2,2141199,1
2022-12-20,48.2,48.6,46.3,48.2,3291761,1
2022-12-21,48.8,48.8,46.6,48.5,1881921,1
2022-12-22,48.55,49.65,48.55,49.0,2171641,1
2022-12-23,49.4,50.0,48.2,49.8,1348672,1
2022-12-26,49.5,49.6,47.0,47.0,2140469,1
2022-12-27,46.3,50.2,45.15,47.5,2873658,1
2022-12-28,47.7,48.5,46.5,47.7,1486338,1
2022-12-29,47.6,48.5,47.4,47.8,1259021,1
2022-12-30,49.0,49.0,47.55,48.0,1198282,1
2023-01-03,48.0,49.4,47.0,49.4,1623481,1
2023-01-04,49.9,49.9,49.0,49.0,1176949,1
2023-01-05,49.0,50.0,49.0,49.7,1952371,1
2023-01-06,49.75,50.3,49.5,49.9,1172495,1
2023-01-09,50.2,50.5,49.7,50.2,1197058,1
2023-01-10,50.1,50.4,49.75,49.75,895178,1
2023-01-11,50.3,50.9,49.8,50.8,1187504,1
2023-01-12,51.1,51.7,51.0,51.5,1239502,1
2023-01-13,51.7,52.0,51.1,52.0,1047651,1
2023-01-16,52.0,52.3,51.3,51.3,1119444,1
2023-01-17,51.3,52.0,49.55,52.0,1455562,1
2023-01-18,52.0,52.9,50.9,52.5,1265675,1
2023-01-19,52.4,53.4,51.5,52.2,2236566,1
2023-01-27,52.4,53.9,51.9,53.3,1283501,1
2023-01-30,53.3,53.5,51.5,51.5,1350577,1
2023-01-31,51.5,51.8,50.4,50.9,1313510,1
2023-02-01,50.7,50.9,48.0,48.0,3650456,1
2023-02-02,48.5,49.2,47.7,47.9,2157146,1
2023-02-03,48.0,48.5,47.5,48.1,1247077,1
2023-02-06,47.9,48.0,47.1,47.95,1693915,1
2023-02-07,48.0,48.0,46.05,46.8,2543605,1
2023-02-08,46.7,46.7,44.45,46.6,4746980,1
2023-02-09,45.65,46.7,45.3,45.3,3121751,1
2023-02-10,45.0,45.75,45.0,45.4,1602986,1
2023-02-13,44.8,45.0,43.4,44.4,2468865,1
2023-02-14,44.0,44.2,42.2,42.75,3876595,1
2023-02-15,42.7,42.7,41.6,42.5,4289204,1
2023-02-16,42.75,42.75,42.0,42.5,2366897,1
2023-02-17,42.7,43.6,42.5,43.3,2065454,1
2023-02-20,43.5,46.3,43.4,45.2,4178775,1
2023-02-21,45.5,46.15,45.1,45.2,1572736,1
2023-02-22,44.6,44.8,42.6,42.6,3713301,1
2023-02-23,42.6,42.85,40.6,42.0,4590701,1
2023-02-24,41.7,42.0,40.9,41.0,3014465,1
2023-02-27,40.0,40.9,39.4,40.9,5327743,1
2023-02-28,41.0,41.95,40.4,41.5,1632907,1
2023-03-01,41.05,41.3,39.8,41.2,3325817,1
2023-03-02,41.0,41.5,40.45,41.1,1948238,1
2023-03-03,41.0,41.2,40.55,40.95,1387815,1
2023-03-06,41.75,43.2,41.5,42.1,2997427,1
2023-03-07,42.7,43.0,42.1,42.3,1671441,1
2023-03-08,41.3,42.35,41.3,42.35,1953366,1
2023-03-09,42.35,43.0,42.25,42.4,1781213,1
2023-03-10,42.4,43.0,42.0,42.85,2537729,1
2023-03-13,42.8,44.8,42.75,44.75,3227482,1
2023-03-14,44.2,45.35,44.1,44.75,2839940,1
2023-03-15,45.25,46.6,44.95,46.0,2071419,1
2023-03-16,45.8,45.8,44.25,44.5,2039641,1
2023-03-17,44.6,45.2,43.35,43.35,4943231,1
2023-03-20,44.1,44.1,42.55,42.55,2168118,1
2023-03-21,43.0,45.5,43.0,45.4,2539644,1
2023-03-22,45.6,48.0,45.6,47.65,4397098,1
2023-03-23,47.4,48.0,46.85,48.0,2272451,1
2023-03-24,48.0,49.85,48.0,49.0,2611824,1
2023-03-27,49.0,49.5,48.4,48.4,1870024,1
2023-03-28,48.45,49.5,47.0,48.0,2551706,1
2023-03-29,48.05,48.05,47.1,48.0,1251914,1
2023-03-30,48.8,49.95,48.1,49.55,1677329,1
2023-03-31,49.6,51.5,49.6,51.5,2720974,1
2023-04-03,52.2,53.7,52.0,52.6,2844182,1
2023-04-04,53.0,53.0,51.0,51.0,1517376,1
2023-04-05,51.0,52.3,50.6,52.2,2190062,1
2023-04-06,52.0,52.2,51.2,51.2,1035460,1
2023-04-07,51.2,51.5,50.3,50.7,780361,1
2023-04-10,51.4,51.5,49.8,49.8,1326919,1
2023-04-11,49.3,51.7,49.3,51.5,2079069,1
2023-04-12,51.9,52.1,51.0,51.6,2032455,1
2023-04-13,51.6,51.7,50.3,50.5,1341067,1
2023-04-14,50.7,51.5,49.7,50.0,1319272,1
2023-04-17,50.1,50.9,50.0,50.3,1028891,1
2023-04-18,50.9,51.3,50.5,50.8,1762327,1
2023-04-19,50.8,51.2,50.0,50.4,973760,1
2023-04-20,50.5,50.7,49.85,50.7,484388,1
2023-04-21,50.5,50.7,49.9,50.3,735067,1
2023-04-24,50.8,52.0,50.2,50.5,1345611,1
2023-04-25,51.2,51.2,49.85,50.2,2139465,1
2023-04-26,49.9,49.9,48.0,48.0,2278292,1
2023-04-27,48.0,48.7,46.85,47.5,2649198,1
2023-04-28,47.7,49.5,47.4,49.5,1145595,1
2023-05-04,49.5,49.5,48.2,49.5,1315091,1
2023-05-05,49.15,49.5,48.6,49.0,793785,1
2023-05-08,48.85,49.55,48.6,49.4,1058198,1
2023-05-09,49.05,49.5,48.75,49.3,1270731,1
2023-05-10,49.3,49.4,48.9,49.35,519466,1
2023-05-11,49.5,49.5,48.95,49.15,524722,1
2023-05-12,49.1,51.2,48.9,51.2,1440468,1
2023-05-15,52.0,52.5,51.5,51.7,1701326,1
2023-05-16,51.7,52.2,51.5,52.2,1496658,1
2023-05-17,52.2,53.9,52.2,53.4,3112207,1
2023-05-18,53.9,55.8,53.5,55.0,3532540,1
2023-05-19,55.5,55.5,53.5,54.1,1845772,1
2023-05-22,55.0,55.0,53.5,54.1,1651073,1
2023-05-23,54.5,54.5,53.0,53.7,1158121,1
2023-05-24,53.7,54.5,53.3,54.5,849451,1
2023-05-25,54.7,55.6,54.0,55.0,1608735,1
2023-05-26,55.0,56.4,54.6,55.0,1792634,1
2023-05-29,55.0,56.3,55.0,55.5,1607032,1
2023-05-30,56.0,56.0,54.6,54.9,1390918,1
2023-05-31,55.0,55.0,53.5,53.5,1538935,1
2023-06-01,53.5,54.0,53.0,53.0,914726,1
2023-06-02,53.5,53.9,53.0,53.4,1357706,1
2023-06-05,54.0,55.1,53.3,53.7,1432068,1
2023-06-06,54.4,55.0,53.9,55.0,1362251,1
2023-06-07,55.3,55.7,54.5,55.3,1858448,1
2023-06-08,55.3,56.0,55.1,55.4,2326546,1
2023-06-09,55.0,55.8,54.8,55.5,1051610,1
2023-06-12,55.5,55.5,54.4,55.4,1151452,1
2023-06-13,55.2,56.7,55.1,56.7,2372546,1
2023-06-14,56.8,58.2,56.7,57.0,2457231,1
2023-06-15,57.0,57.9,55.8,56.5,2453912,1
2023-06-16,56.4,56.9,55.0,56.0,2452897,1
2023-06-19,56.1,56.1,54.8,55.0,1529209,1
2023-06-20,55.0,55.7,54.5,55.1,985087,1
2023-06-21,55.0,55.3,54.3,54.6,2368585,1
2023-06-22,55.0,55.7,54.7,55.7,1916156,1
2023-06-23,55.2,56.0,55.1,56.0,2160849,1
2023-06-26,55.6,55.8,54.8,55.5,1422939,1
2023-06-27,55.5,55.9,55.4,55.9,992807,1
2023-06-28,56.1,56.2,55.0,55.4,1389913,1
2023-06-29,55.4,55.4,54.9,55.0,1248508,1
2023-06-30,54.8,55.5,54.3,55.0,1459026,1
2023-07-03,55.0,55.9,55.0,55.9,1044044,1
2023-07-04,55.9,56.8,55.5,56.5,1451951,1
2023-07-05,56.5,56.5,55.3,56.1,1623867,1
2023-07-06,55.3,55.9,54.5,54.5,1406446,1
2023-07-07,54.5,54.9,54.0,54.0,1221564,1
2023-07-10,54.1,54.4,53.6,53.8,2151264,1
2023-07-11,53.6,53.9,53.6,53.9,2616883,1
2023-07-12,53.9,55.3,53.9,55.1,2186477,1
2023-07-13,55.4,56.3,55.3,56.3,3011297,1
2023-07-14,56.5,56.6,55.8,56.4,2055399,1
2023-07-17,56.7,59.0,56.5,59.0,4271231,1
2023-07-18,58.5,59.4,58.0,58.8,2910287,1
2023-07-19,58.8,59.0,58.2,58.5,2217079,1
2023-07-20,58.5,58.5,57.3,57.7,3589677,1
2023-07-21,57.5,59.0,57.3,59.0,3604709,1
2023-07-24,59.5,59.5,58.1,59.1,2050092,1
2023-07-25,58.8,59.2,58.2,58.6,3621300,1
2023-07-26,58.3,59.0,58.3,59.0,3075978,1
2023-07-27,59.0,59.1,57.5,57.5,2724936,1
2023-07-28,57.7,58.9,57.4,58.9,2868904,1
2023-07-31,62.2,63.0,61.0,63.0,5509846,1
2023-08-01,63.9,66.2,62.8,62.8,6557499,1
2023-08-02,62.6,62.9,61.9,61.9,3440866,1
2023-08-03,62.0,62.2,60.1,60.1,2946152,1
2023-08-04,60.9,63.8,60.6,63.0,4717439,1
2023-08-07,63.7,63.7,61.6,62.9,3397528,1
2023-08-08,62.9,63.8,62.5,62.8,5301852,1
2023-08-09,62.3,62.7,60.6,60.6,5593597,1
2023-08-10,60.7,61.6,60.6,60.6,4744392,1
2023-08-11,62.3,62.5,59.8,60.9,4794595,1
2023-08-14,60.9,61.8,60.8,61.2,6217819,1
2023-08-15,61.2,62.5,60.9,61.7,5688841,1
2023-08-16,63.0,64.1,62.3,62.9,6369300,1
2023-08-17,62.1,62.6,61.0,61.0,5438846,1
2023-08-18,60.8,60.8,56.8,56.8,9565690,1
2023-08-21,56.8,57.2,55.7,56.0,5230959,1
2023-08-22,56.8,56.8,54.5,55.5,4568751,1
2023-08-23,56.9,56.9,54.4,54.5,6685847,1
2023-08-24,54.9,56.1,54.4,55.4,4649385,1
2023-08-25,55.5,55.5,54.0,54.1,5130705,1
2023-08-28,54.5,55.3,54.2,54.7,5224819,1
2023-08-29,55.0,55.8,54.4,54.6,5306966,1
2023-08-30,54.6,55.1,54.1,54.6,5035121,1
2023-08-31,54.8,55.9,54.7,54.7,6422343,1
2023-09-05,55.2,55.5,54.4,55.3,9062554,1
2023-09-06,55.5,57.0,55.4,55.9,9774066,1
2023-09-07,56.5,56.6,54.9,55.1,8728031,1
2023-09-08,55.0,55.5,54.0,54.0,10432402,1
2023-09-11,54.6,54.9,52.5,52.5,8479090,1
2023-09-12,52.8,53.5,52.0,53.5,7420299,1
2023-09-13,53.8,53.8,52.1,52.1,11955777,1
2023-09-14,52.1,52.3,49.0,49.0,11648373,1
2023-09-15,49.6,50.5,49.4,50.5,10518377,1
2023-09-18,50.1,50.5,48.7,48.95,5104752,1
2023-09-19,50.0,50.7,49.0,49.35,7529612,1
2023-09-20,49.7,50.9,49.5,50.7,4518502,1
2023-09-21,51.0,51.4,50.0,50.2,5191710,1
2023-09-22,49.4,49.45,47.85,48.0,7969290,1
2023-09-25,48.0,48.75,46.0,47.0,5323349,1
2023-09-26,47.0,47.8,45.0,45.0,4075692,1
2023-09-27,45.0,45.8,43.85,45.1,6505390,1
2023-09-28,45.1,45.5,44.05,44.5,3417765,1
2023-09-29,45.0,47.5,45.0,45.5,7293367,1
2023-10-02,45.6,46.2,45.2,45.75,1821862,1
2023-10-03,45.0,45.25,44.05,44.05,4664564,1
2023-10-04,43.25,45.4,43.25,44.6,3471699,1
2023-10-05,44.7,45.25,44.25,44.55,2703836,1
2023-10-06,44.85,46.15,44.55,46.05,3433897,1
2023-10-09,46.1,47.5,46.05,47.0,3863534,1
2023-10-10,47.15,48.0,46.9,48.0,4836369,1
2023-10-11,47.7,47.8,46.85,47.4,2921253,1
2023-10-12,47.6,48.0,47.35,47.55,2452101,1
2023-10-13,47.05,47.2,46.5,46.9,2578666,1
2023-10-16,46.9,47.0,45.55,45.55,3273425,1
2023-10-17,45.6,45.9,44.5,44.5,2399979,1
2023-10-18,44.6,45.8,43.0,43.3,3859391,1
2023-10-19,43.45,43.45,42.5,42.5,3735375,1
2023-10-20,42.5,44.8,41.7,44.5,3193094,1
2023-10-23,44.5,45.3,44.0,44.5,5687602,1
2023-10-24,44.9,45.0,44.0,44.6,3183595,1
2023-10-25,45.4,45.95,44.75,44.9,3922188,1
2023-10-26,41.8,41.8,41.8,41.8,6095334,1
2023-10-27,40.0,41.5,38.9,39.2,18181723,1
2023-10-30,39.0,40.0,37.75,39.2,6761955,1
2023-10-31,39.2,39.7,38.0,39.0,7715327,1
2023-11-01,38.9,39.0,36.75,38.45,9755394,1
2023-11-02,38.45,40.0,37.7,39.95,9142426,1
2023-11-03,40.45,40.55,39.95,40.5,8272050,1
2023-11-06,40.65,41.4,40.6,41.0,6340678,1
2023-11-07,40.9,40.95,40.0,40.0,4442757,1
2023-11-08,39.95,41.5,39.2,41.0,7706839,1
2023-11-09,41.6,43.05,41.45,42.9,15464209,1
2023-11-10,42.5,43.2,42.3,42.3,6523529,1
2023-11-13,42.6,42.6,41.3,41.35,7228578,1
2023-11-14,41.85,41.9,40.75,41.0,7501090,1
2023-11-15,41.8,42.6,41.35,41.45,8589063,1
2023-11-16,41.4,41.65,40.8,41.15,5397728,1
2023-11-17,41.3,41.75,38.5,38.95,16324251,1
2023-11-20,38.5,39.5,38.3,38.95,4901359,1
2023-11-21,39.75,39.75,38.9,39.1,4792655,1
2023-11-22,39.4,39.6,38.85,39.0,4809620,1
2023-11-23,39.35,39.95,39.0,39.0,7663115,1
2023-11-24,39.0,39.2,38.05,39.1,7389904,1
2023-11-27,39.1,40.0,39.1,39.8,5712838,1
2023-11-28,39.8,40.75,39.65,40.75,7388061,1
2023-11-29,41.05,41.3,40.75,41.2,4211815,1
2023-11-30,41.2,41.35,40.6,41.3,7744515,1
2023-12-01,41.3,41.4,40.4,40.9,6973448,1
2023-12-04,40.95,41.5,40.85,41.3,8140658,1
2023-12-05,41.5,41.5,40.5,40.5,8303176,1
2023-12-06,40.5,40.55,39.65,40.45,10852422,1
2023-12-07,40.45,40.55,39.4,39.7,11346794,1
2023-12-08,39.7,40.1,39.45,39.65,9896138,1
2023-12-11,40.15,41.3,40.1,41.0,8702563,1
2023-12-12,41.0,41.3,40.75,41.05,6171848,1
2023-12-13,41.2,41.65,40.65,40.75,9943249,1
2023-12-14,41.1,41.25,40.25,40.3,4706774,1
2023-12-15,40.45,40.55,39.85,39.9,6801507,1
2023-12-18,40.2,40.2,39.85,39.9,3564888,1
2023-12-19,39.9,39.95,39.3,39.5,5229860,1
2023-12-20,39.85,39.95,39.5,39.95,2358415,1
2023-12-21,39.7,40.45,39.65,40.2,3558160,1
2023-12-22,40.2,40.4,40.0,40.3,3290547,1
2023-12-25,40.3,41.25,40.3,41.2,5960459,1
2023-12-26,41.5,42.2,41.3,41.9,10397855,1
2023-12-27,42.0,42.15,41.85,41.9,6037479,1
2023-12-28,42.1,43.8,42.05,43.7,13136725,1
2023-12-29,44.05,44.1,43.2,43.2,5327943,1
2024-01-02,43.3,43.75,42.55,43.0,7591730,1
2024-01-03,42.6,43.4,42.55,43.4,6114634,1
2024-01-04,43.55,43.7,43.25,43.45,8780655,1
2024-01-05,43.45,43.55,43.05,43.1,4510634,1
2024-01-08,43.2,43.85,42.9,43.35,6216748,1
2024-01-09,43.15,43.3,42.65,43.0,6379398,1
2024-01-10,43.0,43.0,42.1,42.7,6792763,1
2024-01-11,42.5,43.05,42.0,42.0,6971310,1
2024-01-12,41.8,41.9,40.9,41.3,8330552,1
2024-01-15,41.8,41.85,41.4,41.6,3151249,1
2024-01-16,41.6,42.65,41.45,42.65,3776742,1
2024-01-17,42.65,42.85,41.9,41.9,6345684,1
2024-01-18,42.25,43.5,42.05,43.2,8941804,1
2024-01-19,43.35,43.6,43.0,43.05,5533944,1
2024-01-22,43.35,43.45,42.8,43.0,4711104,1
2024-01-23,43.05,43.2,42.3,42.35,5258263,1
2024-01-24,42.35,42.95,42.3,42.5,2743314,1
2024-01-25,42.5,42.5,42.05,42.1,2297052,1
2024-01-26,42.2,42.5,42.0,42.0,4353577,1
2024-01-29,42.3,42.3,41.8,41.8,3168351,1
2024-01-30,41.8,42.3,41.7,42.0,2910566,1
2024-01-31,42.05,42.25,41.5,41.5,6310175,1
2024-02-01,41.35,41.5,41.1,41.2,7109228,1
2024-02-02,41.5,42.1,41.15,41.2,5777556,1
2024-02-05,41.4,41.6,41.1,41.25,3363623,1
2024-02-06,41.4,41.45,41.0,41.0,5537080,1
2024-02-07,41.05,41.85,41.0,41.8,3770219,1
2024-02-15,42.15,42.2,41.8,41.95,4319070,1
2024-02-16,42.15,42.8,41.95,42.7,6027229,1
2024-02-19,43.0,45.65,42.9,45.55,20165747,1
2024-02-20,46.0,46.7,45.85,46.15,12933357,1
2024-02-21,46.1,46.1,44.8,45.0,8951937,1
2024-02-22,45.1,45.45,44.8,44.8,6812686,1
2024-02-23,45.0,45.1,43.25,43.3,11758953,1
2024-02-26,43.45,43.85,43.1,43.35,7003949,1
2024-02-27,43.75,44.2,43.3,44.2,7161102,1
2024-02-28,44.45,44.9,44.0,44.4,6285833,1
2024-02-29,44.55,44.7,43.4,43.4,11045628,1
2024-03-01,43.7,44.2,43.3,43.95,6876405,1
2024-03-04,44.05,44.6,43.8,43.95,7039659,1
2024-03-05,43.95,44.25,43.3,43.65,7694338,1
2024-03-06,43.65,44.55,43.05,43.1,11326080,1
2024-03-07,43.3,43.3,42.85,43.2,7319072,1
2024-03-08,43.5,43.6,42.55,42.55,9529599,1
2024-03-11,42.6,43.0,42.5,42.55,6058761,1
2024-03-12,42.55,42.9,42.35,42.7,4758561,1
2024-03-13,42.8,43.0,42.5,42.95,7335627,1
2024-03-14,43.4,43.8,42.8,42.9,12610933,1
2024-03-15,42.9,43.15,42.4,42.4,9887754,1
2024-03-18,42.65,43.15,41.3,42.1,14791576,1
2024-03-19,42.35,43.05,41.85,42.9,9466892,1
2024-03-20,43.0,43.0,42.2,42.5,5440051,1
2024-03-21,42.85,43.05,42.55,42.9,10981568,1
2024-03-22,43.2,43.5,42.6,42.8,10001805,1
2024-03-25,43.0,43.35,42.4,42.55,10313493,1
2024-03-26,42.7,42.9,42.45,42.75,4265404,1
2024-03-27,42.9,42.9,42.5,42.5,7553922,1
2024-03-28,42.8,44.05,42.6,43.3,18569535,1
2024-03-29,43.4,43.7,42.85,42.85,7689710,1
2024-04-01,42.9,43.15,42.65,42.9,7521190,1
2024-04-02,42.7,43.15,42.2,43.15,13761932,1
2024-04-03,43.15,43.75,42.9,43.1,11841562,1
2024-04-04,42.8,43.2,42.75,43.0,9669113,1
2024-04-05,42.7,43.1,42.4,42.95,13466948,1
2024-04-08,43.05,43.1,42.4,43.0,16740300,1
2024-04-09,43.1,43.2,42.9,43.2,10946287,1
2024-04-10,43.55,44.65,43.45,44.2,24328093,1
2024-04-11,44.25,44.25,43.75,44.15,14568487,1
2024-04-12,44.5,44.8,44.3,44.5,16826097,1
2024-04-15,44.5,44.5,42.2,42.4,20421318,1
2024-04-16,42.4,42.8,40.75,42.7,16853483,1
2024-04-17,43.0,43.05,41.55,41.8,10864569,1
2024-04-19,40.95,41.5,40.3,41.5,12530053,1
2024-04-22,41.5,41.8,40.65,41.45,9176368,1
2024-04-23,41.0,41.4,40.2,40.2,8625501,1
2024-04-24,40.35,40.9,40.25,40.6,5043450,1
2024-04-25,40.85,40.85,40.4,40.7,2990723,1
2024-04-26,40.4,41.05,40.3,40.8,4706725,1
2024-05-02,40.8,41.25,40.35,41.15,4572111,1
2024-05-03,41.3,41.4,40.85,41.1,4394307,1
2024-05-06,41.15,41.2,40.85,41.15,4947191,1
2024-05-07,41.25,41.25,40.9,41.05,4278931,1
2024-05-08,41.0,41.0,40.5,40.9,6627436,1
2024-05-09,41.0,41.75,40.85,40.95,7302057,1
2024-05-10,41.0,41.1,40.35,40.35,7279272,1
2024-05-13,40.45,40.55,39.7,40.1,9099062,1
2024-05-14,41.1,41.25,40.15,40.15,6868337,1
2024-05-15,40.2,40.4,40.05,40.25,6596952,1
2024-05-16,40.3,40.4,40.15,40.25,8263436,1
2024-05-17,40.35,41.2,40.2,40.85,13311095,1
2024-05-20,41.05,41.25,40.45,40.45,9540756,1
2024-05-21,40.5,40.75,40.05,40.2,9643856,1
2024-05-22,40.2,41.65,40.2,40.35,11930773,1
2024-05-23,40.45,40.55,40.1,40.55,6389474,1
2024-05-24,40.4,40.55,39.75,39.8,12916069,1
2024-05-27,39.85,40.05,39.75,39.8,4623039,1
2024-05-28,39.85,40.05,39.75,39.95,5557706,1
2024-05-29,40.0,40.1,39.45,39.45,8034994,1
2024-05-30,39.45,39.5,39.0,39.0,6427623,1
2024-05-31,39.2,39.65,38.85,38.85,5855530,1
2024-06-03,39.2,39.4,39.1,39.3,5244069,1
2024-06-04,39.4,40.2,39.4,39.4,7959547,1
2024-06-05,39.55,39.9,39.3,39.3,6219859,1
2024-06-06,39.4,39.6,39.0,39.05,5113068,1
2024-06-07,39.3,39.3,39.0,39.0,4521596,1
2024-06-10,39.15,39.2,38.85,38.9,6325346,1
2024-06-11,38.9,38.95,38.15,38.15,14405445,1
2024-06-12,38.15,38.85,37.7,38.5,12380303,1
2024-06-13,38.55,38.7,38.1,38.25,5995167,1
2024-06-14,38.4,38.85,38.05,38.2,8595447,1
2024-06-17,38.25,38.5,37.9,38.3,8597395,1
2024-06-18,38.5,38.5,38.2,38.3,6590685,1
2024-06-19,38.3,38.35,37.75,38.0,8002303,1
2024-06-20,37.9,38.0,37.55,38.0,7591374,1
2024-06-21,37.75,37.8,37.45,37.75,13034114,1
2024-06-24,37.75,38.2,37.1,37.45,7677122,1
2024-06-25,37.3,38.05,37.2,37.8,6352729,1
2024-06-26,37.8,38.15,37.5,37.5,4539450,1
2024-06-27,37.5,37.85,37.35,37.6,3455564,1
2024-06-28,37.6,37.75,37.3,37.65,5967553,1
2024-07-01,37.65,37.7,37.1,37.7,4519066,1
2024-07-02,37.75,38.35,37.55,38.15,5425725,1
2024-07-03,38.05,38.2,37.7,38.1,5234921,1
2024-07-04,38.1,38.5,37.8,38.45,7467001,1
2024-07-05,38.3,38.5,37.95,38.45,6575103,1
2024-07-08,38.15,38.4,37.8,38.0,7924228,1
2024-07-09,38.0,38.3,37.8,38.3,8197017,1
2024-07-10,38.35,38.4,37.95,38.25,5452937,1
2024-07-11,38.25,38.7,38.1,38.45,8805038,1
2024-07-12,38.5,38.85,38.3,38.5,5138832,1
2024-07-15,38.5,38.5,37.8,38.0,4889944,1
2024-07-16,37.8,38.05,37.65,37.9,4768516,1
2024-07-17,37.9,37.9,36.8,37.3,7037089,1
2024-07-18,37.25,37.45,36.7,37.45,6289033,1
2024-07-19,37.7,38.2,37.55,37.85,6183999,1
2024-07-22,38.0,38.0,37.3,37.9,5137913,1
2024-07-23,37.65,37.95,37.35,37.85,4861895,1
2024-07-24,37.6,37.85,37.4,37.85,4431667,1
2024-07-25,37.6,38.3,37.55,37.8,6226674,1
2024-07-26,37.8,37.9,37.5,37.75,3908300,1
2024-07-29,37.75,37.9,37.1,37.1,4356000,1
2024-07-30,37.1,37.2,36.7,36.7,4684400,1
2024-07-31,36.85,37.05,36.65,36.7,3718200,1
2024-08-01,36.75,37.0,36.0,36.45,6190900,1
2024-08-02,36.05,36.3,34.6,36.0,8614000,1
2024-08-05,35.2,35.7,34.0,34.5,9956500,1
2024-08-06,34.8,34.8,34.0,34.8,5853400,1
2024-08-07,36.95,37.2,36.6,37.2,36732700,1
2024-08-08,37.5,38.1,36.95,37.6,8833300,1
2024-08-09,37.8,37.8,36.8,37.2,8691600,1
2024-08-12,37.15,37.15,36.35,36.5,8353000,1
2024-08-13,36.35,36.65,35.85,36.35,7145900,1
2024-08-14,36.35,37.4,36.0,37.2,10119200,1
2024-08-15,37.5,38.3,37.15,37.85,17778700,1
2024-08-16,38.2,38.7,38.0,38.4,14796100,1
2024-08-19,38.6,38.8,38.2,38.6,10779700,1
2024-08-20,38.6,39.8,38.5,39.4,17552300,1
2024-08-21,39.25,39.75,38.9,39.75,13661500,1
2024-08-22,39.75,40.15,39.5,39.8,9224500,1
2024-08-23,39.6,40.0,39.35,39.75,9340600,1
2024-08-26,39.85,40.75,39.85,40.5,15625100,1
2024-08-27,40.5,42.3,40.35,41.4,18219300,1
2024-08-28,41.7,41.8,40.6,40.9,11199200,1
2024-08-29,40.85,41.5,40.7,41.5,9304200,1
2024-08-30,41.5,41.65,41.1,41.5,11320600,1
2024-09-04,41.0,42.5,41.0,42.5,13810200,1
2024-09-05,42.7,44.45,42.7,43.75,22146100,1
2024-09-06,44.0,44.0,43.25,43.9,10230400,1
2024-09-09,43.65,43.65,43.0,43.0,10300900,1
2024-09-10,43.15,43.55,42.15,42.8,12930600,1
2024-09-11,42.55,43.15,41.75,43.0,13399000,1
2024-09-12,43.4,43.5,43.1,43.1,5663400,1
2024-09-13,43.05,43.4,42.7,43.0,5405000,1
2024-09-16,42.85,42.9,41.75,41.75,8361100,1
2024-09-17,41.75,44.0,41.7,44.0,15786300,1
2024-09-18,44.1,45.15,43.9,43.9,12485300,1
2024-09-19,43.9,44.4,43.75,44.15,9903100,1
2024-09-20,44.2,44.9,43.7,43.75,25318400,1
2024-09-23,43.8,44.1,43.15,43.65,7376000,1
2024-09-24,43.65,44.25,43.45,44.25,6958300,1
2024-09-25,44.4,44.4,43.8,44.15,10672900,1
2024-09-26,44.2,44.6,44.1,44.4,12259400,1
2024-09-27,44.5,44.6,43.0,43.4,16363400,1
2024-09-30,43.5,43.5,42.55,42.8,9129100,1
2024-10-01,42.9,44.1,42.9,43.45,11220500,1
2024-10-02,43.05,43.45,42.85,43.4,7970100,1
2024-10-03,43.0,43.25,41.6,41.6,26887200,1
2024-10-04,41.55,41.95,41.15,41.5,6764300,1
2024-10-07,41.65,41.8,40.9,41.2,7224100,1
2024-10-08,41.45,41.6,40.7,41.6,8581400,1
2024-10-09,41.65,42.55,41.6,42.5,6742900,1
2024-10-10,42.7,42.9,42.15,42.15,5446300,1
2024-10-11,42.45,43.8,42.3,43.6,15621000,1
2024-10-14,45.5,46.4,45.1,45.35,20737100,1
2024-10-15,45.5,45.5,44.6,44.65,9219500,1
2024-10-16,44.5,45.2,44.45,45.0,6821300,1
2024-10-17,45.1,45.5,44.8,45.1,6677100,1
2024-10-18,45.7,46.0,45.15,45.25,8960800,1
2024-10-21,45.5,47.8,45.5,47.8,21162900,1
2024-10-22,48.15,48.55,47.4,48.25,12671300,1
2024-10-23,48.25,48.35,46.5,47.0,33349400,1
2024-10-24,46.6,46.75,43.85,43.85,33609900,1
2024-10-25,44.55,44.65,43.5,43.85,24552700,1
2024-10-28,43.7,44.25,42.5,42.7,19543500,1
2024-10-29,42.95,43.05,42.55,42.75,17360800,1
2024-10-30,43.0,43.0,40.85,41.15,31820300,1
2024-10-31,41.15,41.55,40.45,41.5,23739900,1
2024-11-01,41.5,42.2,41.3,41.5,16952200,1
2024-11-04,41.5,41.5,40.55,41.5,19838000,1
2024-11-05,41.5,41.8,41.25,41.5,14140300,1
2024-11-06,41.5,41.7,41.3,41.55,15064600,1
2024-11-07,41.7,41.7,41.3,41.4,15995700,1
2024-11-08,41.3,41.35,40.0,40.0,22517000,1
2024-11-11,40.0,40.85,39.25,40.6,15312100,1
2024-11-12,40.6,41.35,40.3,40.3,16217500,1
2024-11-13,40.3,40.7,40.15,40.3,14066600,1
2024-11-14,40.35,41.1,40.3,40.35,16947200,1
2024-11-15,40.35,40.6,40.0,40.25,17024300,1
2024-11-18,40.3,40.8,39.6,40.8,23032900,1
2024-11-19,40.9,42.25,40.9,42.2,26469700,1
2024-11-20,42.2,43.4,41.75,43.3,28417400,1
2024-11-21,43.25,43.7,42.85,43.3,34404900,1
2024-11-22,42.65,42.75,41.6,41.6,9091600,1
2024-11-25,41.5,42.95,41.45,42.7,4401200,1
2024-11-26,42.7,43.3,42.4,42.4,4289500,1
2024-11-27,42.2,42.85,41.9,41.9,3650400,1
2024-11-28,42.25,42.35,41.1,41.1,6514200,1
2024-11-29,41.3,41.3,40.75,40.8,5524400,1
2024-12-02,41.1,41.15,40.75,40.75,3781200,1
2024-12-03,40.8,41.3,40.5,40.9,5187200,1
2024-12-04,40.7,40.85,40.1,40.1,5167400,1
2024-12-05,40.5,41.8,40.2,41.4,4852800,1
2024-12-06,41.6,42.0,41.2,41.5,4870000,1
2024-12-09,41.5,41.9,41.4,41.45,3619100,1
2024-12-10,41.45,41.65,40.95,40.95,4579300,1
2024-12-11,40.95,41.35,40.8,40.85,4020600,1
2024-12-12,40.9,41.15,40.75,40.75,2984800,1
2024-12-13,40.7,40.8,40.5,40.65,3126900,1
2024-12-16,40.65,41.15,40.55,40.95,2668000,1
2024-12-17,41.0,41.4,40.8,41.3,3708600,1
2024-12-18,41.3,41.6,40.9,40.9,2431900,1
2024-12-19,40.6,40.75,40.2,40.2,5724800,1
2024-12-20,40.4,40.45,40.2,40.35,3475300,1
2024-12-23,40.8,40.85,40.4,40.6,1992400,1
2024-12-24,40.5,40.6,40.1,40.35,3214900,1
2024-12-25,40.5,40.75,40.35,40.6,3559700,1
2024-12-26,40.75,41.3,40.65,40.65,3690900,1
2024-12-27,40.8,41.05,40.35,40.35,2847200,1
2024-12-30,40.45,40.6,40.3,40.3,2516300,1
2024-12-31,40.5,40.5,40.0,40.0,4191900,1
2025-01-02,40.1,40.2,39.95,40.0,3009900,1
2025-01-03,40.05,40.05,39.75,40.0,4269100,1
2025-01-06,40.0,40.0,39.75,40.0,3321300,1
2025-01-07,39.85,40.05,39.85,40.0,2849700,1
2025-01-08,40.0,40.05,39.7,40.0,2438700,1
2025-01-09,40.0,41.05,40.0,40.4,4211400,1
2025-01-10,40.4,40.7,39.9,40.0,2320000,1
2025-01-13,39.8,40.0,38.7,40.0,3978900,1
2025-01-14,39.7,40.0,39.4,40.0,5407600,1
2025-01-15,40.0,40.1,39.8,40.0,2707200,1
2025-01-16,40.2,40.65,40.0,40.0,5138800,1
2025-01-17,40.1,40.1,39.85,40.1,4153100,1
2025-01-20,40.0,40.2,39.9,40.0,2996900,1
2025-01-21,40.0,40.15,39.8,40.0,4494600,1
2025-01-22,40.0,40.0,39.5,39.5,3640500,1
2025-01-23,39.55,39.95,39.25,39.5,4632800,1
2025-01-24,39.5,39.8,39.4,39.5,4838500,1
2025-02-03,39.55,39.55,38.85,39.0,4738800,1
2025-02-04,38.95,39.15,38.55,38.75,6222400,1
2025-02-05,39.0,39.45,38.85,38.85,2719200,1
2025-02-06,39.0,39.2,38.8,38.8,2817600,1
2025-02-07,38.85,39.05,38.75,38.75,3013800,1
2025-02-10,38.7,38.75,37.8,37.8,5850900,1
2025-02-11,37.85,37.9,37.6,37.75,5898800,1
2025-02-12,37.8,38.3,37.8,38.0,3808700,1
2025-02-13,37.9,38.9,37.9,38.75,4922700,1
2025-02-14,38.95,39.05,38.75,38.8,4245600,1
2025-02-17,38.8,39.15,38.7,38.8,4038700,1
2025-02-18,38.9,39.2,38.85,38.9,3087100,1
2025-02-19,39.15,39.15,38.8,39.1,2932700,1
2025-02-20,39.2,40.8,39.15,40.55,11106700,1
2025-02-21,40.7,40.7,40.25,40.3,3893300,1
2025-02-24,40.1,40.3,39.95,40.25,4771900,1
2025-02-25,40.3,41.25,40.3,40.75,5566600,1
2025-02-26,40.8,40.9,40.5,40.7,4187200,1
2025-02-27,40.75,41.15,40.6,41.05,6360000,1
2025-02-28,41.05,41.6,40.85,41.2,8394500,1
2025-03-03,41.3,42.55,41.2,42.55,9467900,1
2025-03-04,42.55,43.15,42.05,42.05,11264800,1
2025-03-05,42.05,43.0,42.05,42.7,10682200,1
2025-03-06,42.85,43.6,42.85,43.6,11952800,1
2025-03-07,43.6,45.75,43.3,44.95,17823300,1
2025-03-10,45.0,45.8,44.7,45.3,12066400,1
2025-03-11,44.6,45.55,44.2,45.5,12103400,1
2025-03-12,45.4,47.3,45.4,46.95,15641200,1
2025-03-13,47.0,49.55,46.55,47.8,22269900,1
2025-03-14,47.7,48.9,47.7,47.9,16861700,1
2025-03-17,47.95,48.0,46.8,47.8,11017800,1
2025-03-18,47.6,48.75,46.8,47.3,12239500,1
2025-03-19,46.8,47.9,46.25,47.35,13442500,1
2025-03-20,47.35,48.2,46.95,47.35,13458400,1
2025-03-21,47.1,48.4,47.1,48.25,13695700,1
2025-03-24,48.45,51.4,48.35,51.3,15552100,1
2025-03-25,51.9,52.5,51.1,51.5,12918800,1
2025-03-26,51.8,52.2,50.2,51.5,9611000,1
2025-03-27,51.5,51.7,50.5,51.2,7904300,1
2025-03-28,51.1,51.9,50.7,51.2,8166000,1
2025-03-31,51.2,51.6,51.0,51.3,9374200,1
2025-04-01,51.8,53.5,51.5,53.0,11851000,1
2025-04-02,53.2,53.6,52.6,53.0,10657600,1
2025-04-03,50.3,51.6,49.3,49.3,23521900,1
2025-04-04,46.1,50.6,46.1,50.3,21595400,1
2025-04-08,48.7,49.5,46.8,47.0,21438100,1
2025-04-09,45.6,48.8,45.6,48.5,15153600,1
2025-04-10,51.8,51.8,51.8,51.8,752100,1
2025-04-11,51.8,53.7,51.0,53.5,14557800,1
2025-04-14,54.0,57.2,53.7,57.2,16827300,1
2025-04-15,57.9,60.5,57.2,57.5,15962600,1
2025-04-16,57.0,57.9,55.0,56.5,10845000,1
2025-04-17,56.0,56.8,54.8,56.8,6338100,1
2025-04-18,56.8,57.0,53.3,55.0,13530600,1
2025-04-21,54.1,55.4,53.4,55.0,7721400,1
2025-04-22,55.0,58.0,52.4,57.5,10732600,1
2025-04-23,58.2,58.5,57.0,58.5,10647900,1
2025-04-24,58.5,61.8,57.6,61.2,12662600,1
2025-04-25,61.0,62.5,60.1,62.3,11381200,1
2025-04-28,62.1,62.1,58.5,58.5,7393800,1
2025-04-29,58.5,58.8,57.0,58.4,4737800,1
2025-05-05,58.5,61.4,58.5,60.9,6070700,1
2025-05-06,61.0,61.7,60.5,60.9,4955900,1
2025-05-07,60.1,62.4,60.1,62.0,5073600,1
2025-05-08,62.0,63.4,61.5,62.2,8829200,1
2025-05-09,62.0,62.8,61.6,62.2,6170600,1
2025-05-12,62.2,62.8,61.8,62.3,5743300,1
2025-05-13,61.8,62.5,60.9,62.0,6806700,1
2025-05-14,61.7,62.0,60.4,60.4,6555600,1
2025-05-15,60.2,60.3,57.1,58.0,17963700,1
2025-05-16,57.6,59.0,57.4,58.0,7352000,1
2025-05-19,58.1,60.6,58.1,58.8,5269600,1
2025-05-20,59.6,62.9,59.6,62.9,21911900,1
2025-05-21,67.3,67.3,65.3,67.3,14973300,1
2025-05-22,66.9,71.0,66.8,68.1,10234400,1
2025-05-23,68.6,69.8,67.3,68.8,7306800,1
2025-05-26,69.0,73.5,65.7,73.5,11890300,1
2025-05-27,74.6,74.7,71.2,74.3,7721600,1
2025-05-28,74.0,76.1,72.8,75.7,8900600,1
2025-05-29,75.7,76.9,74.1,76.9,7947900,1
2025-05-30,76.5,78.3,76.1,77.6,5891000,1
2025-06-02,77.6,77.9,74.5,77.0,4823400,1
2025-06-03,76.5,77.6,76.1,77.6,4772300,1
2025-06-04,77.6,77.6,76.1,77.1,6531300,1
2025-06-05,76.1,77.0,75.6,76.8,5299500,1
2025-06-06,75.7,76.5,75.0,76.0,6491000,1
2025-06-09,75.4,75.9,70.7,70.7,5889800,1
2025-06-10,68.5,72.9,68.5,72.6,9459500,1
2025-06-11,72.0,72.6,70.9,72.1,2691600,1
2025-06-12,72.1,72.4,68.6,70.0,4967500,1
2025-06-13,68.1,68.9,66.3,68.4,5516900,1
2025-06-16,66.5,68.2,66.4,67.4,4873300,1
2025-06-17,67.9,71.1,67.0,69.6,4053500,1
2025-06-18,70.0,71.4,69.2,71.4,3857400,1
2025-06-19,72.0,73.5,71.0,71.7,5384700,1
2025-06-20,71.5,71.5,70.2,70.2,8925000,1
2025-06-23,70.1,74.5,69.1,74.0,5368900,1
2025-06-24,75.5,77.3,74.1,77.3,7834300,1
2025-06-25,76.9,78.9,76.3,77.9,4824700,1
2025-06-26,77.3,77.8,75.7,76.0,4678200,1
2025-06-27,76.5,77.4,74.0,77.0,4778100,1
2025-06-30,77.0,77.0,76.0,76.7,3763700,1
2025-07-01,76.4,76.7,74.8,76.3,3857900,1
2025-07-02,75.3,76.1,74.7,76.0,4378300,1
2025-07-03,75.2,76.8,75.2,76.3,3218300,1
2025-07-04,76.3,76.4,75.2,76.0,3225500,1
2025-07-07,75.7,76.9,75.3,76.9,3506300,1
2025-07-08,76.9,79.5,76.8,79.2,4291400,1
2025-07-09,79.3,82.0,79.3,81.8,4103300,1
2025-07-10,82.0,86.5,81.7,86.0,7101900,1
2025-07-11,86.7,89.6,86.7,87.9,5177500,1
2025-07-14,89.8,91.0,86.1,88.8,5761800,1
2025-07-15,88.8,88.8,87.0,87.4,4157200,1
2025-07-16,87.3,89.5,86.7,88.0,4188500,1
2025-07-17,88.3,94.1,88.3,94.1,8831400,1
2025-07-18,95.2,98.0,94.1,96.0,5216100,1
2025-07-21,96.1,96.4,91.1,92.0,5658700,1
2025-07-22,91.2,95.6,90.0,95.5,4103700,1
2025-07-23,95.7,95.7,92.2,92.2,4318500,1
2025-07-24,92.3,92.5,87.9,92.0,8027000,1
2025-07-25,90.3,93.7,90.2,93.7,2777400,1
2025-07-28,93.7,96.0,92.0,95.6,7219800,1
2025-07-29,94.5,94.7,92.1,92.1,3992500,1
2025-07-30,92.1,92.5,89.0,91.5,5198000,1
2025-07-31,89.7,91.5,88.2,90.0,7811500,1
2025-08-01,90.0,90.6,87.8,89.9,8402600,1
2025-08-04,89.8,93.8,88.5,92.2,4704900,1
2025-08-05,93.0,98.5,92.0,96.0,10115900,1
2025-08-06,96.0,97.6,93.2,97.5,5504600,1
2025-08-07,97.6,97.7,94.4,95.0,5036500,1
2025-08-08,93.5,95.5,93.0,94.8,3496000,1
2025-08-11,94.8,95.0,93.1,93.5,4480200,1
2025-08-12,93.1,93.4,91.9,93.0,5154100,1
2025-08-13,93.0,93.1,91.0,93.0,5374600,1
2025-08-14,93.1,95.5,92.3,93.9,5541700,1
2025-08-15,95.0,98.5,92.2,94.0,7256100,1
2025-08-18,94.1,94.1,92.0,93.9,4501300,1
2025-08-19,93.6,94.5,92.2,93.9,4158500,1
2025-08-20,94.0,99.0,92.7,99.0,9090600,1
2025-08-21,97.0,99.9,97.0,99.8,4878600,1
2025-08-22,97.5,99.0,95.3,98.1,6239700,1
2025-08-25,98.0,101.9,96.5,98.4,5063900,1
2025-08-26,98.4,105.2,97.0,105.2,6413000,1
2025-08-27,105.3,106.9,102.1,104.6,3023700,1
2025-08-28,104.6,106.0,101.8,104.6,3292800,1
2025-08-29,104.6,104.8,102.5,104.5,4250800,1
2025-09-03,103.1,103.7,101.0,102.7,3215200,1
2025-09-04,102.0,102.5,99.2,102.3,5504100,1
2025-09-05,100.5,103.5,100.0,100.0,4185500,1
2025-09-08,99.0,101.0,98.8,100.0,3227000,1
2025-09-09,100.0,101.4,98.8,101.4,2851500,1
2025-09-10,101.5,102.4,99.7,101.8,3897900,1
2025-09-11,100.9,106.0,100.1,105.9,4046000,1
2025-09-12,104.1,106.0,103.0,105.5,2393700,1
2025-09-15,104.0,104.7,102.5,104.5,2942600,1
2025-09-16,104.7,104.7,102.7,102.7,2008200,1
2025-09-17,102.0,104.4,101.2,102.9,3422000,1
2025-09-18,104.1,108.2,102.5,103.5,5719900,1
2025-09-19,104.0,104.2,99.8,101.7,7550700,1
2025-09-22,101.8,103.2,94.6,99.5,10796100,1
2025-09-23,98.2,99.1,96.5,98.7,3232500,1
2025-09-24,97.8,98.4,95.3,98.0,4722500,1
2025-09-25,97.0,99.9,96.1,99.5,4715400,1
2025-09-26,99.8,101.5,98.5,99.0,3791000,1
2025-09-29,98.9,105.3,97.6,101.9,6464700,1
2025-09-30,102.5,105.8,102.1,103.0,4878500,1
2025-10-01,103.0,104.5,100.8,101.2,3503500,1
2025-10-02,101.2,102.0,98.6,98.6,5821100,1
2025-10-03,98.6,100.0,96.0,100.0,4683200,1
2025-10-06,103.9,103.9,100.5,102.7,5972800,1
2025-10-07,103.0,104.6,102.2,103.1,6428600,1
2025-10-08,103.5,107.5,101.2,107.5,8989300,1
2025-10-09,108.3,115.0,108.1,115.0,12892200,1
2025-10-10,118.0,123.0,116.0,123.0,9026200,1
2025-10-13,123.0,126.0,122.1,124.2,12312200,1
2025-10-14,124.5,131.5,124.5,127.0,13660200,1
2025-10-15,127.5,127.6,122.6,124.0,7059300,1
2025-10-16,123.8,123.8,120.4,122.0,9475900,1
2025-10-17,122.0,122.0,114.6,116.0,12213500,1
2025-10-20,114.0,115.0,108.0,108.0,11634800,1
2025-10-21,109.0,115.0,106.9,110.9,8238300,1
2025-10-22,112.0,113.0,104.0,113.0,7701600,1
2025-10-23,113.0,117.1,111.2,115.0,6383900,1
2025-10-24,114.6,116.8,112.5,114.5,5136500,1
2025-10-27,115.0,116.0,106.5,106.5,7164300,1
2025-10-28,104.2,107.0,99.1,107.0,13561200,1
2025-10-29,107.1,107.1,102.7,103.8,3681700,1
2025-10-30,103.8,105.0,100.8,104.0,3691300,1
2025-10-31,103.8,103.8,99.2,99.2,6461300,1
2025-11-03,99.6,101.4,97.8,98.5,5083100,1
2025-11-04,98.4,102.0,98.4,100.2,4564100,1
2025-11-05,101.2,101.7,99.5,99.6,3054600,1
2025-11-06,99.6,101.5,97.6,98.9,4590300,1
2025-11-07,97.5,98.0,92.0,92.0,9791200,1
2025-11-10,90.2,92.0,86.9,86.9,6349200,1
2025-11-11,86.9,91.4,86.9,90.0,8465600,1
2025-11-12,90.1,95.0,90.1,94.0,4720500,1
2025-11-13,94.5,94.9,91.6,93.3,4292000,1
2025-11-14,93.0,93.9,90.5,93.9,3280400,1
2025-11-17,94.0,96.3,94.0,95.0,4096000,1
2025-11-18,95.7,97.0,94.0,97.0,3666000,1
2025-11-19,96.9,96.9,95.3,96.9,3741200,1
2025-11-20,96.7,98.4,96.0,97.8,3350300,1
2025-11-21,96.1,99.3,96.1,99.3,3947400,1
2025-11-24,99.3,104.0,98.7,102.7,6062300,1
2025-11-25,103.4,104.0,101.2,102.6,4457800,1
2025-11-26,102.8,102.9,100.1,102.1,4375200,1
2025-11-27,102.5,103.6,101.3,102.5,3140200,1
2025-11-28,102.0,103.3,101.3,102.9,3434700,1
2025-12-01,104.0,107.3,103.0,105.7,5879600,1
2025-12-02,105.9,106.8,103.6,106.8,4533700,1
2025-12-03,106.9,107.0,104.8,106.8,4477200,1
2025-12-04,106.2,106.2,104.2,105.2,4584800,1
2025-12-05,105.0,108.5,104.8,107.0,5143500,1
2025-12-08,107.0,110.0,106.0,110.0,4603000,1
2025-12-09,110.8,111.4,104.7,107.5,7599600,1
2025-12-10,107.0,107.0,100.2,103.5,7908400,1
2025-12-11,101.8,103.3,101.1,101.1,3117200,1
2025-12-12,101.0,101.0,94.1,94.1,6638700,1
2025-12-15,94.8,96.0,91.1,92.5,5413200,1
2025-12-16,91.3,95.7,90.5,95.0,5672700,1
2025-12-17,94.9,95.3,92.7,94.9,3306500,1
2025-12-18,94.9,95.0,93.5,94.9,3362700,1
2025-12-19,95.3,101.5,95.1,101.5,5348700,1
2025-12-22,104.0,107.4,102.2,107.4,4779100,1
2025-12-23,108.5,114.9,107.6,114.9,7781700,1
2025-12-24,117.3,122.9,114.5,122.8,9949600,1
2025-12-25,124.0,131.3,114.3,114.3,10699900,1
2025-12-26,106.3,111.0,106.3,110.0,16551200,1
2025-12-29,111.9,117.7,111.0,117.7,7324300,1
2025-12-30,120.0,120.6,113.0,117.5,6669000,1
2025-12-31,117.5,125.7,115.8,124.0,6830500,1
2026-01-05,126.8,132.6,125.2,132.6,10136200,1
2026-01-06,138.5,141.8,136.5,141.8,8459900,1
2026-01-07,150.0,150.9,141.0,149.5,9511500,1
2026-01-08,150.3,150.9,139.1,139.1,15234400,1
2026-01-09,138.6,142.8,132.6,140.0,9789300,1
2026-01-12,139.0,139.0,130.2,130.2,9143600,1
2026-01-13,125.7,134.9,125.7,134.0,9148500,1
2026-01-14,134.9,134.9,124.7,126.3,11385300,1
2026-01-15,124.0,124.0,117.5,120.0,19255700,1
2026-01-16,121.1,126.8,121.1,124.1,5774400,1
2026-01-19,126.9,126.9,120.5,125.0,5284700,1
2026-01-20,124.1,124.5,119.7,123.0,7006400,1
2026-01-21,121.0,126.0,120.3,122.9,9321600,1
2026-01-22,120.1,122.9,118.5,120.5,7971100,1
2026-01-23,122.1,127.5,121.1,122.5,7272600,1
2026-01-26,124.0,124.1,116.1,118.9,4159000,1
2026-01-27,117.5,118.0,110.6,110.6,10162000,1
2026-01-28,108.1,109.0,102.9,104.3,15508700,1
2026-01-29,104.5,107.4,104.1,107.0,6368800,1
2026-01-30,107.0,107.4,104.0,106.0,4714200,1
2026-02-02,107.1,107.3,98.6,98.6,9144500,1
